Picked At,Pick Number,Appearance,First Name,Last Name,Team,Position,Draft,Draft Entry,Draft Entry Fee,Draft Size,Draft Total Prizes,Tournament Title,Tournament,Tournament Entry Fee,Tournament Total Prizes,Tournament Size,Draft Pool Title,Draft Pool,Draft Pool Entry Fee,Draft Pool Total Prizes,Draft Pool Size,Weekly Winner Title,Weekly Winner,Weekly Winner Entry Fee,Weekly Winner Total Prizes,Weekly Winner Size
2026-09-02 11:05:16 UTC,187,2fe40be1-ba6c-4d08-bf42-3e6c71c66f26,Cade,Otton,TB,TE,fc77e175-bb99-4386-92dd-1b6f49ad2fc2,62d32b5d-bcc2-48d2-acf7-71dd208fbb6e,,12,,,,,,,,,,,,Weekly Winners,21004ed7-7e8d-49e0-b87c-5f09a3edb77a,10.0,1700000.0,186840
2026-08-25 21:28:41 UTC,111,6cafce4c-eb3b-4058-a496-14a70a2e795f,Isaiah,Likely,NYG,TE,a6bd5a8f-575b-49b1-a4bd-c8465e7eee8f,30f8dc05-9453-4079-9355-e65efe1fd998,,12,,,,,,,,,,,,Weekly Winners,21004ed7-7e8d-49e0-b87c-5f09a3edb77a,10.0,1700000.0,186840
2026-09-04 02:02:43 UTC,212,cb3363f8-56b6-4824-8b22-1202e6ac201e,Gunnar,Helm,TEN,TE,d9fa7589-33f9-420c-b425-ce6fc9ecb810,978217e2-8cf4-4eb6-8fcd-58efeec456bc,,12,,,,,,,,,,,,Weekly Winners,21004ed7-7e8d-49e0-b87c-5f09a3edb77a,10.0,1700000.0,186840
2026-08-21 19:47:33 UTC,72,b4da19e1-6218-4455-bc0a-42bc626abcf6,Marvin,Harrison,ARI,WR,8e3a3895-359c-4736-87ed-3c327adca338,d28f1914-0bd5-45f4-add2-df3d1c5e983b,,12,,,,,,,,,,,,Weekly Winners,21004ed7-7e8d-49e0-b87c-5f09a3edb77a,10.0,1700000.0,186840
2026-08-23 16:28:11 UTC,87,2159602f-35b2-4bd7-91a3-2e4cf482cde1,Dak,Prescott,DAL,QB,a6bd5a8f-575b-49b1-a4bd-c8465e7eee8f,30f8dc05-9453-4079-9355-e65efe1fd998,,12,,,,,,,,,,,,Weekly Winners,21004ed7-7e8d-49e0-b87c-5f09a3edb77a,10.0,1700000.0,186840
2026-08-28 00:49:10 UTC,108,f9bb1f35-7720-45e1-98a0-6d3136d2beae,Kenny,Gainwell,TB,RB,f0e29ddc-0450-48fd-891f-e863af391747,f1fe43cd-20e2-4cc3-a7e9-061f64cdb969,,12,,,,,,,,,,,,Weekly Winners,21004ed7-7e8d-49e0-b87c-5f09a3edb77a,10.0,1700000.0,186840
2026-08-16 11:44:55 UTC,12,12164868-dfe2-4332-934b-46f94011d67d,Derrick,Henry,BAL,RB,f0e29ddc-0450-48fd-891f-e863af391747,f1fe43cd-20e2-4cc3-a7e9-061f64cdb969,,12,,,,,,,,,,,,Weekly Winners,21004ed7-7e8d-49e0-b87c-5f09a3edb77a,10.0,1700000.0,186840
2026-09-03 11:40:02 UTC,188,ace07fec-47fa-41b0-8f67-900ca5261ed3,Oronde,Gadsden,LAC,TE,d9fa7589-33f9-420c-b425-ce6fc9ecb810,978217e2-8cf4-4eb6-8fcd-58efeec456bc,,12,,,,,,,,,,,,Weekly Winners,21004ed7-7e8d-49e0-b87c-5f09a3edb77a,10.0,1700000.0,186840
2026-08-15 14:23:40 UTC,51,79d2e493-c4f0-42d9-b031-64b3a024c427,Luther,Burden,CHI,WR,9fe1f2a8-d64b-4f85-a49f-6f35bf71c9bb,9e642807-05dd-4ebd-b516-150ea674c423,,12,,,,,,,,,,,,Weekly Winners,21004ed7-7e8d-49e0-b87c-5f09a3edb77a,10.0,1700000.0,186840
2026-09-04 01:29:56 UTC,191,bd217ff5-f47d-432e-a310-2b44fd6fa615,Jauan,Jennings,MIN,WR,c327bc1b-e0bf-465e-8173-d606cf1e4cee,c2e76a99-a46b-482d-8183-ff7a1cdd4e33,,12,,,,,,,,,,,,Weekly Winners,21004ed7-7e8d-49e0-b87c-5f09a3edb77a,10.0,1700000.0,186840
2026-08-17 19:29:31 UTC,23,6ba58085-e65c-4488-82f9-3b55371e4bc2,Josh,Allen,BUF,QB,eda3ada1-c0f4-44f2-8c8a-b58e6236c317,aa85cd98-cccf-4089-86c5-2760b9a85957,,12,,,,,,,,,,,,Weekly Winners,21004ed7-7e8d-49e0-b87c-5f09a3edb77a,10.0,1700000.0,186840
2026-08-18 21:04:21 UTC,49,79d2e493-c4f0-42d9-b031-64b3a024c427,Luther,Burden,CHI,WR,c35db5be-c1bd-4a6b-826b-702666f4e206,2d1e432b-7776-4af2-98fd-1dbe3fccdb5b,,12,,,,,,,,,,,,Weekly Winners,21004ed7-7e8d-49e0-b87c-5f09a3edb77a,10.0,1700000.0,186840
2026-09-03 03:50:26 UTC,181,bd217ff5-f47d-432e-a310-2b44fd6fa615,Jauan,Jennings,MIN,WR,f0e29ddc-0450-48fd-891f-e863af391747,f1fe43cd-20e2-4cc3-a7e9-061f64cdb969,,12,,,,,,,,,,,,Weekly Winners,21004ed7-7e8d-49e0-b87c-5f09a3edb77a,10.0,1700000.0,186840
2026-08-19 23:47:43 UTC,48,d82e4b0e-bb59-4796-bd7b-8eb8bffaeffb,Mike,Evans,SF,WR,b06d443b-af79-4d72-84a4-22cc5097c7ae,f347ff6e-740b-464c-a486-c2b2e498048e,,12,,,,,,,,,,,,Weekly Winners,21004ed7-7e8d-49e0-b87c-5f09a3edb77a,10.0,1700000.0,186840
2026-08-30 00:48:25 UTC,147,3a43ee64-1e4b-489e-ad8b-066c22af1335,Juwan,Johnson,NO,TE,fbf1c565-b3d8-4d9c-a897-53a5b37f357c,08ab0d44-05f3-4df7-a415-9b14f2320d64,,12,,,,,,,,,,,,Weekly Winners,21004ed7-7e8d-49e0-b87c-5f09a3edb77a,10.0,1700000.0,186840
2026-08-21 19:47:08 UTC,55,84f286e0-239d-433f-b654-59e374e231fe,Christian,Watson,GB,WR,ba20d4c8-5e70-4dba-80f8-6abfaeb686f2,d41bc161-391d-4d60-b31b-ccf94f4a5a17,,12,,,,,,,,,,,,Weekly Winners,21004ed7-7e8d-49e0-b87c-5f09a3edb77a,10.0,1700000.0,186840
2026-08-29 00:04:09 UTC,145,122053e4-9895-4c88-920c-edbcedd61a73,Hunter,Henry,NE,TE,db5a8d42-3860-4852-8b95-ca4e036f3729,6ced09a2-506f-4242-8ffa-357610eaa031,,12,,,,,,,,,,,,Weekly Winners,21004ed7-7e8d-49e0-b87c-5f09a3edb77a,10.0,1700000.0,186840
2026-09-04 21:24:56 UTC,209,cdf76f30-7099-481c-a26a-0844dd012041,Jaylin,Noel,HOU,WR,c60fd17d-0bdb-4ee7-be40-d1bcffbb5c1e,5befaed3-da4c-4bdf-862a-78f5f08dafb1,,12,,,,,,,,,,,,Weekly Winners,21004ed7-7e8d-49e0-b87c-5f09a3edb77a,10.0,1700000.0,186840
2026-08-18 00:51:43 UTC,32,45b9dccc-22e7-4f30-9b11-42c07a2de939,Jeremiyah,Love,ARI,RB,f3f6202f-a143-4f08-b8e3-b8866febb859,787ef363-c32b-4705-9f73-268550540b0a,,12,,,,,,,,,,,,Weekly Winners,21004ed7-7e8d-49e0-b87c-5f09a3edb77a,10.0,1700000.0,186840
2026-08-23 12:49:10 UTC,76,431b04bc-a58e-41ef-ae50-258d1036748f,Jaylen,Warren,PIT,RB,8f31166e-cb06-433f-a44c-c2e59eba3657,e62f07af-23cc-4dc1-9e56-c52a5ffc7507,,12,,,,,,,,,,,,Weekly Winners,21004ed7-7e8d-49e0-b87c-5f09a3edb77a,10.0,1700000.0,186840
2026-08-21 19:48:36 UTC,73,ae99dd68-d9e0-4515-bca7-6251826d3569,Kyle,Pitts,ATL,TE,8e3a3895-359c-4736-87ed-3c327adca338,d28f1914-0bd5-45f4-add2-df3d1c5e983b,,12,,,,,,,,,,,,Weekly Winners,21004ed7-7e8d-49e0-b87c-5f09a3edb77a,10.0,1700000.0,186840
2026-08-15 15:45:51 UTC,1,bf5232e3-61aa-4419-93df-ca90e2ff85d1,Jahmyr,Gibbs,DET,RB,c35db5be-c1bd-4a6b-826b-702666f4e206,2d1e432b-7776-4af2-98fd-1dbe3fccdb5b,,12,,,,,,,,,,,,Weekly Winners,21004ed7-7e8d-49e0-b87c-5f09a3edb77a,10.0,1700000.0,186840
2026-08-20 11:38:06 UTC,47,eb00bfc9-0fdb-4181-9564-1515b2dd93d3,Cam,Skattebo,NYG,RB,eda3ada1-c0f4-44f2-8c8a-b58e6236c317,aa85cd98-cccf-4089-86c5-2760b9a85957,,12,,,,,,,,,,,,Weekly Winners,21004ed7-7e8d-49e0-b87c-5f09a3edb77a,10.0,1700000.0,186840
2026-08-23 03:31:47 UTC,73,2159602f-35b2-4bd7-91a3-2e4cf482cde1,Dak,Prescott,DAL,QB,b06d443b-af79-4d72-84a4-22cc5097c7ae,f347ff6e-740b-464c-a486-c2b2e498048e,,12,,,,,,,,,,,,Weekly Winners,21004ed7-7e8d-49e0-b87c-5f09a3edb77a,10.0,1700000.0,186840
2026-08-19 11:20:39 UTC,31,5aff5607-e6fc-42df-b609-41b63f3aa5cc,Chris,Olave,NO,WR,a3f3d3b9-2a15-4440-bb4d-31e6b98fbb17,63867e8e-c985-4686-a083-369578c2c1c1,,12,,,,,,,,,,,,Weekly Winners,21004ed7-7e8d-49e0-b87c-5f09a3edb77a,10.0,1700000.0,186840
2026-08-15 14:44:12 UTC,190,d579528f-f506-4e21-a9dc-75b798f90c41,Jerry,Jeudy,CLE,WR,9fe1f2a8-d64b-4f85-a49f-6f35bf71c9bb,9e642807-05dd-4ebd-b516-150ea674c423,,12,,,,,,,,,,,,Weekly Winners,21004ed7-7e8d-49e0-b87c-5f09a3edb77a,10.0,1700000.0,186840
2026-08-17 00:18:08 UTC,17,12164868-dfe2-4332-934b-46f94011d67d,Derrick,Henry,BAL,RB,9cf848ab-2f6e-4717-aaf1-037f4bc9d791,c1fdeff4-8673-4e48-a31d-3fa665c6e977,,12,,,,,,,,,,,,Weekly Winners,21004ed7-7e8d-49e0-b87c-5f09a3edb77a,10.0,1700000.0,186840
2026-08-27 23:21:56 UTC,98,49fed2ad-e746-48a2-a01f-6f786d08f5de,Michael,Wilson,ARI,WR,c327bc1b-e0bf-465e-8173-d606cf1e4cee,c2e76a99-a46b-482d-8183-ff7a1cdd4e33,,12,,,,,,,,,,,,Weekly Winners,21004ed7-7e8d-49e0-b87c-5f09a3edb77a,10.0,1700000.0,186840
2026-08-15 22:44:01 UTC,4,ccd82f4a-118c-48a9-bc41-be4e7982c51b,Puka,Nacua,LAR,WR,8f31166e-cb06-433f-a44c-c2e59eba3657,e62f07af-23cc-4dc1-9e56-c52a5ffc7507,,12,,,,,,,,,,,,Weekly Winners,21004ed7-7e8d-49e0-b87c-5f09a3edb77a,10.0,1700000.0,186840
2026-08-15 13:37:01 UTC,7,7c3bca66-1a06-4fa7-a113-af6075094545,Christian,McCaffrey,SF,RB,06e038da-c58d-479f-80d8-1bc374719d01,75975984-b6d1-4c87-8278-a797757d43b3,,12,,,,,,,,,,,,Weekly Winners,21004ed7-7e8d-49e0-b87c-5f09a3edb77a,10.0,1700000.0,186840
2026-08-29 22:41:34 UTC,132,39e57bd8-abe5-4401-be29-d9eeee732c74,Rachaad,White,WAS,RB,f0e29ddc-0450-48fd-891f-e863af391747,f1fe43cd-20e2-4cc3-a7e9-061f64cdb969,,12,,,,,,,,,,,,Weekly Winners,21004ed7-7e8d-49e0-b87c-5f09a3edb77a,10.0,1700000.0,186840
2026-09-03 19:06:57 UTC,197,49dd2d8a-d21d-4757-a2d8-05e5e3f39d2d,Bryce,Young,CAR,QB,d9fa7589-33f9-420c-b425-ce6fc9ecb810,978217e2-8cf4-4eb6-8fcd-58efeec456bc,,12,,,,,,,,,,,,Weekly Winners,21004ed7-7e8d-49e0-b87c-5f09a3edb77a,10.0,1700000.0,186840
2026-08-24 11:50:18 UTC,96,9157584b-b4bc-4ad7-95cd-47a583f141bd,RJ,Harvey,DEN,RB,8e3a3895-359c-4736-87ed-3c327adca338,d28f1914-0bd5-45f4-add2-df3d1c5e983b,,12,,,,,,,,,,,,Weekly Winners,21004ed7-7e8d-49e0-b87c-5f09a3edb77a,10.0,1700000.0,186840
2026-08-15 14:49:07 UTC,3,8586cc92-b63c-4717-9255-18adba9d1cbc,Ja'Marr,Chase,CIN,WR,fbf1c565-b3d8-4d9c-a897-53a5b37f357c,08ab0d44-05f3-4df7-a415-9b14f2320d64,,12,,,,,,,,,,,,Weekly Winners,21004ed7-7e8d-49e0-b87c-5f09a3edb77a,10.0,1700000.0,186840
2026-08-15 14:29:51 UTC,94,324f8d9f-7c68-495d-8101-325ed9212350,Matthew,Stafford,LAR,QB,9fe1f2a8-d64b-4f85-a49f-6f35bf71c9bb,9e642807-05dd-4ebd-b516-150ea674c423,,12,,,,,,,,,,,,Weekly Winners,21004ed7-7e8d-49e0-b87c-5f09a3edb77a,10.0,1700000.0,186840
2026-09-02 01:28:14 UTC,176,305231d5-5d6d-42d4-90cf-981d25d5b8d0,Omar,Cooper,NYJ,WR,9cf848ab-2f6e-4717-aaf1-037f4bc9d791,c1fdeff4-8673-4e48-a31d-3fa665c6e977,,12,,,,,,,,,,,,Weekly Winners,21004ed7-7e8d-49e0-b87c-5f09a3edb77a,10.0,1700000.0,186840
2026-09-02 17:12:36 UTC,173,09cc2464-445a-4e34-8ed2-209bcc3199c9,Dylan,Sampson,CLE,RB,ba39ca1f-03a4-41f9-bebe-e72bfe88f5bd,6835ce50-c3fb-490c-8a81-678475af8ccc,,12,,,,,,,,,,,,Weekly Winners,21004ed7-7e8d-49e0-b87c-5f09a3edb77a,10.0,1700000.0,186840
2026-08-24 20:27:51 UTC,96,b81da160-9620-4c64-be92-ea849c5066f6,Jordan,Addison,MIN,WR,c35db5be-c1bd-4a6b-826b-702666f4e206,2d1e432b-7776-4af2-98fd-1dbe3fccdb5b,,12,,,,,,,,,,,,Weekly Winners,21004ed7-7e8d-49e0-b87c-5f09a3edb77a,10.0,1700000.0,186840
2026-08-30 11:22:39 UTC,122,85327869-b953-4296-8061-34dbeb43bcae,Chris,Rodriguez,JAX,RB,c327bc1b-e0bf-465e-8173-d606cf1e4cee,c2e76a99-a46b-482d-8183-ff7a1cdd4e33,,12,,,,,,,,,,,,Weekly Winners,21004ed7-7e8d-49e0-b87c-5f09a3edb77a,10.0,1700000.0,186840
2026-08-20 01:19:00 UTC,65,b4da19e1-6218-4455-bc0a-42bc626abcf6,Marvin,Harrison,ARI,WR,b91a01c3-635c-4512-b6a6-1f8b5010fac6,4cfea67b-a4bf-450b-8205-c4f5f3c4d2bc,,12,,,,,,,,,,,,Weekly Winners,21004ed7-7e8d-49e0-b87c-5f09a3edb77a,10.0,1700000.0,186840
2026-08-29 13:50:42 UTC,114,f9bb1f35-7720-45e1-98a0-6d3136d2beae,Kenny,Gainwell,TB,RB,a3f3d3b9-2a15-4440-bb4d-31e6b98fbb17,63867e8e-c985-4686-a083-369578c2c1c1,,12,,,,,,,,,,,,Weekly Winners,21004ed7-7e8d-49e0-b87c-5f09a3edb77a,10.0,1700000.0,186840
2026-08-25 01:13:10 UTC,96,da734ea2-17b9-42ba-a72c-637567ceb44c,Chuba,Hubbard,CAR,RB,db5a8d42-3860-4852-8b95-ca4e036f3729,6ced09a2-506f-4242-8ffa-357610eaa031,,12,,,,,,,,,,,,Weekly Winners,21004ed7-7e8d-49e0-b87c-5f09a3edb77a,10.0,1700000.0,186840
2026-08-23 20:11:57 UTC,79,37a5b1dc-d189-4cb0-9f28-9f9dbf16e8a2,Makai,Lemon,PHI,WR,ba20d4c8-5e70-4dba-80f8-6abfaeb686f2,d41bc161-391d-4d60-b31b-ccf94f4a5a17,,12,,,,,,,,,,,,Weekly Winners,21004ed7-7e8d-49e0-b87c-5f09a3edb77a,10.0,1700000.0,186840
2026-08-24 13:48:17 UTC,68,34beca63-a1d8-4b9a-a051-2a2899c55dd7,Carnell,Tate,TEN,WR,d9fa7589-33f9-420c-b425-ce6fc9ecb810,978217e2-8cf4-4eb6-8fcd-58efeec456bc,,12,,,,,,,,,,,,Weekly Winners,21004ed7-7e8d-49e0-b87c-5f09a3edb77a,10.0,1700000.0,186840
2026-08-30 14:02:51 UTC,137,3a43ee64-1e4b-489e-ad8b-066c22af1335,Juwan,Johnson,NO,TE,9cf848ab-2f6e-4717-aaf1-037f4bc9d791,c1fdeff4-8673-4e48-a31d-3fa665c6e977,,12,,,,,,,,,,,,Weekly Winners,21004ed7-7e8d-49e0-b87c-5f09a3edb77a,10.0,1700000.0,186840
2026-09-03 18:08:05 UTC,170,55aea8c1-eb0c-4a13-a1f9-f51ce59d6d11,C.J.,Stroud,HOU,QB,eda3ada1-c0f4-44f2-8c8a-b58e6236c317,aa85cd98-cccf-4089-86c5-2760b9a85957,,12,,,,,,,,,,,,Weekly Winners,21004ed7-7e8d-49e0-b87c-5f09a3edb77a,10.0,1700000.0,186840
2026-08-17 02:16:03 UTC,30,05e934c4-ee4d-43ce-8df0-3b42b9bc9a79,Trey,McBride,ARI,TE,fc77e175-bb99-4386-92dd-1b6f49ad2fc2,62d32b5d-bcc2-48d2-acf7-71dd208fbb6e,,12,,,,,,,,,,,,Weekly Winners,21004ed7-7e8d-49e0-b87c-5f09a3edb77a,10.0,1700000.0,186840
2026-09-02 02:25:06 UTC,182,49dd2d8a-d21d-4757-a2d8-05e5e3f39d2d,Bryce,Young,CAR,QB,b0c8cc57-d2fe-4573-aa7a-62317ebba563,4425e129-178d-41c3-9701-68bed5649054,,12,,,,,,,,,,,,Weekly Winners,21004ed7-7e8d-49e0-b87c-5f09a3edb77a,10.0,1700000.0,186840
2026-08-15 14:22:49 UTC,46,5653c54a-6e3c-43da-85fc-9ed6a179eaf7,Josh,Jacobs,GB,RB,9fe1f2a8-d64b-4f85-a49f-6f35bf71c9bb,9e642807-05dd-4ebd-b516-150ea674c423,,12,,,,,,,,,,,,Weekly Winners,21004ed7-7e8d-49e0-b87c-5f09a3edb77a,10.0,1700000.0,186840
2026-09-04 13:46:04 UTC,194,ace07fec-47fa-41b0-8f67-900ca5261ed3,Oronde,Gadsden,LAC,TE,eda3ada1-c0f4-44f2-8c8a-b58e6236c317,aa85cd98-cccf-4089-86c5-2760b9a85957,,12,,,,,,,,,,,,Weekly Winners,21004ed7-7e8d-49e0-b87c-5f09a3edb77a,10.0,1700000.0,186840
2026-08-15 13:38:47 UTC,18,dc7613e2-f553-47c1-b269-06d6975b73c8,Omarion,Hampton,LAC,RB,06e038da-c58d-479f-80d8-1bc374719d01,75975984-b6d1-4c87-8278-a797757d43b3,,12,,,,,,,,,,,,Weekly Winners,21004ed7-7e8d-49e0-b87c-5f09a3edb77a,10.0,1700000.0,186840
2026-08-16 20:55:37 UTC,19,dc7613e2-f553-47c1-b269-06d6975b73c8,Omarion,Hampton,LAC,RB,fc77e175-bb99-4386-92dd-1b6f49ad2fc2,62d32b5d-bcc2-48d2-acf7-71dd208fbb6e,,12,,,,,,,,,,,,Weekly Winners,21004ed7-7e8d-49e0-b87c-5f09a3edb77a,10.0,1700000.0,186840
2026-08-27 18:35:10 UTC,120,0b903bf2-bf13-4c61-9c10-f02fdada5488,Jake,Ferguson,DAL,TE,c35db5be-c1bd-4a6b-826b-702666f4e206,2d1e432b-7776-4af2-98fd-1dbe3fccdb5b,,12,,,,,,,,,,,,Weekly Winners,21004ed7-7e8d-49e0-b87c-5f09a3edb77a,10.0,1700000.0,186840
2026-08-17 11:41:13 UTC,25,30b25589-c619-4a6c-924f-bfae3cd9a16f,Nico,Collins,HOU,WR,c35db5be-c1bd-4a6b-826b-702666f4e206,2d1e432b-7776-4af2-98fd-1dbe3fccdb5b,,12,,,,,,,,,,,,Weekly Winners,21004ed7-7e8d-49e0-b87c-5f09a3edb77a,10.0,1700000.0,186840
2026-08-31 11:21:05 UTC,148,1f29dc14-d19b-4886-9b0b-f8e599037375,Dontayvion,Wicks,PHI,WR,8f31166e-cb06-433f-a44c-c2e59eba3657,e62f07af-23cc-4dc1-9e56-c52a5ffc7507,,12,,,,,,,,,,,,Weekly Winners,21004ed7-7e8d-49e0-b87c-5f09a3edb77a,10.0,1700000.0,186840
2026-08-31 20:23:16 UTC,152,5c5dfc3f-3923-489b-b11a-e24c351a344f,Jonah,Coleman,DEN,RB,f3f6202f-a143-4f08-b8e3-b8866febb859,787ef363-c32b-4705-9f73-268550540b0a,,12,,,,,,,,,,,,Weekly Winners,21004ed7-7e8d-49e0-b87c-5f09a3edb77a,10.0,1700000.0,186840
2026-08-19 18:55:17 UTC,49,edf31dae-c400-433e-83bc-9fdece811568,Davante,Adams,LAR,WR,8e3a3895-359c-4736-87ed-3c327adca338,d28f1914-0bd5-45f4-add2-df3d1c5e983b,,12,,,,,,,,,,,,Weekly Winners,21004ed7-7e8d-49e0-b87c-5f09a3edb77a,10.0,1700000.0,186840
2026-09-04 18:03:29 UTC,213,9281bf0c-0ef1-4103-a91e-f893a0659173,Najee,Harris,NYG,RB,8f31166e-cb06-433f-a44c-c2e59eba3657,e62f07af-23cc-4dc1-9e56-c52a5ffc7507,,12,,,,,,,,,,,,Weekly Winners,21004ed7-7e8d-49e0-b87c-5f09a3edb77a,10.0,1700000.0,186840
2026-08-24 11:51:18 UTC,77,b4da19e1-6218-4455-bc0a-42bc626abcf6,Marvin,Harrison,ARI,WR,ba39ca1f-03a4-41f9-bebe-e72bfe88f5bd,6835ce50-c3fb-490c-8a81-678475af8ccc,,12,,,,,,,,,,,,Weekly Winners,21004ed7-7e8d-49e0-b87c-5f09a3edb77a,10.0,1700000.0,186840
2026-08-30 16:30:24 UTC,128,bfe162da-a773-43ba-a6b0-167e1314164a,Keaton,Mitchell,LAC,RB,c60fd17d-0bdb-4ee7-be40-d1bcffbb5c1e,5befaed3-da4c-4bdf-862a-78f5f08dafb1,,12,,,,,,,,,,,,Weekly Winners,21004ed7-7e8d-49e0-b87c-5f09a3edb77a,10.0,1700000.0,186840
2026-08-31 22:22:41 UTC,145,e485ae4e-15c9-478e-bb97-9d5dd292820a,Ryan,Flournoy,DAL,WR,b06d443b-af79-4d72-84a4-22cc5097c7ae,f347ff6e-740b-464c-a486-c2b2e498048e,,12,,,,,,,,,,,,Weekly Winners,21004ed7-7e8d-49e0-b87c-5f09a3edb77a,10.0,1700000.0,186840
2026-08-15 14:38:08 UTC,147,3a43ee64-1e4b-489e-ad8b-066c22af1335,Juwan,Johnson,NO,TE,9fe1f2a8-d64b-4f85-a49f-6f35bf71c9bb,9e642807-05dd-4ebd-b516-150ea674c423,,12,,,,,,,,,,,,Weekly Winners,21004ed7-7e8d-49e0-b87c-5f09a3edb77a,10.0,1700000.0,186840
2026-08-29 02:09:30 UTC,116,b642379c-1ada-403e-adae-7bdc7fa4035a,Wan'Dale,Robinson,TEN,WR,ba39ca1f-03a4-41f9-bebe-e72bfe88f5bd,6835ce50-c3fb-490c-8a81-678475af8ccc,,12,,,,,,,,,,,,Weekly Winners,21004ed7-7e8d-49e0-b87c-5f09a3edb77a,10.0,1700000.0,186840
2026-08-25 11:33:11 UTC,104,94648f1f-e9bf-46c4-a463-40f8c50f6d39,Xavier,Worthy,KC,WR,b91a01c3-635c-4512-b6a6-1f8b5010fac6,4cfea67b-a4bf-450b-8205-c4f5f3c4d2bc,,12,,,,,,,,,,,,Weekly Winners,21004ed7-7e8d-49e0-b87c-5f09a3edb77a,10.0,1700000.0,186840
2026-08-16 18:14:23 UTC,7,de5b18b5-9ed7-4d3a-900b-32a471551d60,Jonathan,Taylor,IND,RB,ba20d4c8-5e70-4dba-80f8-6abfaeb686f2,d41bc161-391d-4d60-b31b-ccf94f4a5a17,,12,,,,,,,,,,,,Weekly Winners,21004ed7-7e8d-49e0-b87c-5f09a3edb77a,10.0,1700000.0,186840
2026-08-20 22:45:55 UTC,59,cb3a76ab-baf2-49c2-9fe2-444a1ec49398,Terry,McLaurin,WAS,WR,b0c8cc57-d2fe-4573-aa7a-62317ebba563,4425e129-178d-41c3-9701-68bed5649054,,12,,,,,,,,,,,,Weekly Winners,21004ed7-7e8d-49e0-b87c-5f09a3edb77a,10.0,1700000.0,186840
2026-08-25 21:20:18 UTC,79,e2041ec4-4cc4-4f3f-8f55-593ef2c6b19d,Jalen,Hurts,PHI,QB,a3f3d3b9-2a15-4440-bb4d-31e6b98fbb17,63867e8e-c985-4686-a083-369578c2c1c1,,12,,,,,,,,,,,,Weekly Winners,21004ed7-7e8d-49e0-b87c-5f09a3edb77a,10.0,1700000.0,186840
2026-08-18 18:10:42 UTC,36,baa3e3ec-aac3-4b9e-b115-67d8f1ee41e6,Zay,Flowers,BAL,WR,f0e29ddc-0450-48fd-891f-e863af391747,f1fe43cd-20e2-4cc3-a7e9-061f64cdb969,,12,,,,,,,,,,,,Weekly Winners,21004ed7-7e8d-49e0-b87c-5f09a3edb77a,10.0,1700000.0,186840
2026-08-16 18:15:03 UTC,17,dc7613e2-f553-47c1-b269-06d6975b73c8,Omarion,Hampton,LAC,RB,b91a01c3-635c-4512-b6a6-1f8b5010fac6,4cfea67b-a4bf-450b-8205-c4f5f3c4d2bc,,12,,,,,,,,,,,,Weekly Winners,21004ed7-7e8d-49e0-b87c-5f09a3edb77a,10.0,1700000.0,186840
2026-08-23 16:27:39 UTC,65,8ac32621-1c13-4ded-9b44-2590972a9e37,Brian,Thomas,JAX,WR,9cf848ab-2f6e-4717-aaf1-037f4bc9d791,c1fdeff4-8673-4e48-a31d-3fa665c6e977,,12,,,,,,,,,,,,Weekly Winners,21004ed7-7e8d-49e0-b87c-5f09a3edb77a,10.0,1700000.0,186840
2026-09-01 11:45:56 UTC,157,103164fe-09fb-48fd-8936-86d748ab81fc,Zach,Charbonnet,SEA,RB,f0e29ddc-0450-48fd-891f-e863af391747,f1fe43cd-20e2-4cc3-a7e9-061f64cdb969,,12,,,,,,,,,,,,Weekly Winners,21004ed7-7e8d-49e0-b87c-5f09a3edb77a,10.0,1700000.0,186840
2026-08-29 00:04:05 UTC,144,c0e6454a-fe4a-4a61-98c1-f91a9bb525a8,Tyler,Shough,NO,QB,db5a8d42-3860-4852-8b95-ca4e036f3729,6ced09a2-506f-4242-8ffa-357610eaa031,,12,,,,,,,,,,,,Weekly Winners,21004ed7-7e8d-49e0-b87c-5f09a3edb77a,10.0,1700000.0,186840
2026-09-01 11:46:12 UTC,161,ec25c6ff-f64b-4eb2-9219-614baf6dc2c5,Sam,Darnold,SEA,QB,f3f6202f-a143-4f08-b8e3-b8866febb859,787ef363-c32b-4705-9f73-268550540b0a,,12,,,,,,,,,,,,Weekly Winners,21004ed7-7e8d-49e0-b87c-5f09a3edb77a,10.0,1700000.0,186840
2026-08-30 11:23:06 UTC,151,ec25c6ff-f64b-4eb2-9219-614baf6dc2c5,Sam,Darnold,SEA,QB,ba20d4c8-5e70-4dba-80f8-6abfaeb686f2,d41bc161-391d-4d60-b31b-ccf94f4a5a17,,12,,,,,,,,,,,,Weekly Winners,21004ed7-7e8d-49e0-b87c-5f09a3edb77a,10.0,1700000.0,186840
2026-08-30 00:54:41 UTC,159,da9f6a13-7a56-40a2-bd21-dc9486cbfa05,Travis,Hunter,JAX,WR,a6bd5a8f-575b-49b1-a4bd-c8465e7eee8f,30f8dc05-9453-4079-9355-e65efe1fd998,,12,,,,,,,,,,,,Weekly Winners,21004ed7-7e8d-49e0-b87c-5f09a3edb77a,10.0,1700000.0,186840
2026-08-15 15:27:17 UTC,1,bf5232e3-61aa-4419-93df-ca90e2ff85d1,Jahmyr,Gibbs,DET,RB,8e3a3895-359c-4736-87ed-3c327adca338,d28f1914-0bd5-45f4-add2-df3d1c5e983b,,12,,,,,,,,,,,,Weekly Winners,21004ed7-7e8d-49e0-b87c-5f09a3edb77a,10.0,1700000.0,186840
2026-08-24 18:02:17 UTC,74,4357d818-0ea4-4f94-ba32-0a12da8761f5,Quentin,Johnston,LAC,WR,eda3ada1-c0f4-44f2-8c8a-b58e6236c317,aa85cd98-cccf-4089-86c5-2760b9a85957,,12,,,,,,,,,,,,Weekly Winners,21004ed7-7e8d-49e0-b87c-5f09a3edb77a,10.0,1700000.0,186840
2026-08-28 20:30:42 UTC,117,f9bb1f35-7720-45e1-98a0-6d3136d2beae,Kenny,Gainwell,TB,RB,8f31166e-cb06-433f-a44c-c2e59eba3657,e62f07af-23cc-4dc1-9e56-c52a5ffc7507,,12,,,,,,,,,,,,Weekly Winners,21004ed7-7e8d-49e0-b87c-5f09a3edb77a,10.0,1700000.0,186840
2026-08-18 01:48:47 UTC,32,2cb400c9-16e2-4937-850b-05d9302a93c5,Rashee,Rice,KC,WR,c60fd17d-0bdb-4ee7-be40-d1bcffbb5c1e,5befaed3-da4c-4bdf-862a-78f5f08dafb1,,12,,,,,,,,,,,,Weekly Winners,21004ed7-7e8d-49e0-b87c-5f09a3edb77a,10.0,1700000.0,186840
2026-08-23 01:46:11 UTC,53,cb3a76ab-baf2-49c2-9fe2-444a1ec49398,Terry,McLaurin,WAS,WR,d9fa7589-33f9-420c-b425-ce6fc9ecb810,978217e2-8cf4-4eb6-8fcd-58efeec456bc,,12,,,,,,,,,,,,Weekly Winners,21004ed7-7e8d-49e0-b87c-5f09a3edb77a,10.0,1700000.0,186840
2026-09-01 21:13:59 UTC,143,364773ee-cb8b-4eb6-a06f-b683d3ebd403,Chig,Okonkwo,WAS,TE,eda3ada1-c0f4-44f2-8c8a-b58e6236c317,aa85cd98-cccf-4089-86c5-2760b9a85957,,12,,,,,,,,,,,,Weekly Winners,21004ed7-7e8d-49e0-b87c-5f09a3edb77a,10.0,1700000.0,186840
2026-08-25 21:28:58 UTC,103,f3295482-ced1-413a-90f8-5ad870267f1a,Matthew,Golden,GB,WR,ba20d4c8-5e70-4dba-80f8-6abfaeb686f2,d41bc161-391d-4d60-b31b-ccf94f4a5a17,,12,,,,,,,,,,,,Weekly Winners,21004ed7-7e8d-49e0-b87c-5f09a3edb77a,10.0,1700000.0,186840
2026-08-17 19:29:12 UTC,32,2cb400c9-16e2-4937-850b-05d9302a93c5,Rashee,Rice,KC,WR,b91a01c3-635c-4512-b6a6-1f8b5010fac6,4cfea67b-a4bf-450b-8205-c4f5f3c4d2bc,,12,,,,,,,,,,,,Weekly Winners,21004ed7-7e8d-49e0-b87c-5f09a3edb77a,10.0,1700000.0,186840
2026-08-17 16:10:00 UTC,24,6ba58085-e65c-4488-82f9-3b55371e4bc2,Josh,Allen,BUF,QB,8e3a3895-359c-4736-87ed-3c327adca338,d28f1914-0bd5-45f4-add2-df3d1c5e983b,,12,,,,,,,,,,,,Weekly Winners,21004ed7-7e8d-49e0-b87c-5f09a3edb77a,10.0,1700000.0,186840
2026-08-27 00:28:45 UTC,114,39e57bd8-abe5-4401-be29-d9eeee732c74,Rachaad,White,WAS,RB,ba20d4c8-5e70-4dba-80f8-6abfaeb686f2,d41bc161-391d-4d60-b31b-ccf94f4a5a17,,12,,,,,,,,,,,,Weekly Winners,21004ed7-7e8d-49e0-b87c-5f09a3edb77a,10.0,1700000.0,186840
2026-09-03 18:07:14 UTC,206,f8d135d6-f880-4c70-a698-622478a97f02,Pat,Freiermuth,PIT,TE,b0c8cc57-d2fe-4573-aa7a-62317ebba563,4425e129-178d-41c3-9701-68bed5649054,,12,,,,,,,,,,,,Weekly Winners,21004ed7-7e8d-49e0-b87c-5f09a3edb77a,10.0,1700000.0,186840
2026-09-04 23:45:28 UTC,215,3d9f209e-b4dc-4572-8571-a163a3cc88f8,Tua,Tagovailoa,ATL,QB,c327bc1b-e0bf-465e-8173-d606cf1e4cee,c2e76a99-a46b-482d-8183-ff7a1cdd4e33,,12,,,,,,,,,,,,Weekly Winners,21004ed7-7e8d-49e0-b87c-5f09a3edb77a,10.0,1700000.0,186840
2026-08-23 03:31:45 UTC,72,4357d818-0ea4-4f94-ba32-0a12da8761f5,Quentin,Johnston,LAC,WR,b06d443b-af79-4d72-84a4-22cc5097c7ae,f347ff6e-740b-464c-a486-c2b2e498048e,,12,,,,,,,,,,,,Weekly Winners,21004ed7-7e8d-49e0-b87c-5f09a3edb77a,10.0,1700000.0,186840
2026-08-25 02:39:31 UTC,91,3a8c292f-5bdf-4884-92be-6b9f9a073500,Trevor,Lawrence,JAX,QB,fc77e175-bb99-4386-92dd-1b6f49ad2fc2,62d32b5d-bcc2-48d2-acf7-71dd208fbb6e,,12,,,,,,,,,,,,Weekly Winners,21004ed7-7e8d-49e0-b87c-5f09a3edb77a,10.0,1700000.0,186840
2026-08-24 11:50:25 UTC,97,f9bb1f35-7720-45e1-98a0-6d3136d2beae,Kenny,Gainwell,TB,RB,8e3a3895-359c-4736-87ed-3c327adca338,d28f1914-0bd5-45f4-add2-df3d1c5e983b,,12,,,,,,,,,,,,Weekly Winners,21004ed7-7e8d-49e0-b87c-5f09a3edb77a,10.0,1700000.0,186840
2026-08-19 16:02:35 UTC,46,b9beac91-a4c7-481a-8506-311f3424c203,D'Andre,Swift,CHI,RB,fbf1c565-b3d8-4d9c-a897-53a5b37f357c,08ab0d44-05f3-4df7-a415-9b14f2320d64,,12,,,,,,,,,,,,Weekly Winners,21004ed7-7e8d-49e0-b87c-5f09a3edb77a,10.0,1700000.0,186840
2026-08-30 11:22:28 UTC,150,c0e6454a-fe4a-4a61-98c1-f91a9bb525a8,Tyler,Shough,NO,QB,fc77e175-bb99-4386-92dd-1b6f49ad2fc2,62d32b5d-bcc2-48d2-acf7-71dd208fbb6e,,12,,,,,,,,,,,,Weekly Winners,21004ed7-7e8d-49e0-b87c-5f09a3edb77a,10.0,1700000.0,186840
2026-08-27 22:05:00 UTC,104,324f8d9f-7c68-495d-8101-325ed9212350,Matthew,Stafford,LAR,QB,c60fd17d-0bdb-4ee7-be40-d1bcffbb5c1e,5befaed3-da4c-4bdf-862a-78f5f08dafb1,,12,,,,,,,,,,,,Weekly Winners,21004ed7-7e8d-49e0-b87c-5f09a3edb77a,10.0,1700000.0,186840
2026-08-29 01:09:15 UTC,145,671f8c9c-28b3-4dbd-87d2-13c2a9a5c963,Tyrone,Tracy,NYG,RB,8e3a3895-359c-4736-87ed-3c327adca338,d28f1914-0bd5-45f4-add2-df3d1c5e983b,,12,,,,,,,,,,,,Weekly Winners,21004ed7-7e8d-49e0-b87c-5f09a3edb77a,10.0,1700000.0,186840
2026-09-04 01:43:48 UTC,185,305231d5-5d6d-42d4-90cf-981d25d5b8d0,Omar,Cooper,NYJ,WR,c60fd17d-0bdb-4ee7-be40-d1bcffbb5c1e,5befaed3-da4c-4bdf-862a-78f5f08dafb1,,12,,,,,,,,,,,,Weekly Winners,21004ed7-7e8d-49e0-b87c-5f09a3edb77a,10.0,1700000.0,186840
2026-08-15 21:06:48 UTC,8,99a762f2-89e3-456c-8778-85bdc59eed37,Jaxon,Smith-Njigba,SEA,WR,f3f6202f-a143-4f08-b8e3-b8866febb859,787ef363-c32b-4705-9f73-268550540b0a,,12,,,,,,,,,,,,Weekly Winners,21004ed7-7e8d-49e0-b87c-5f09a3edb77a,10.0,1700000.0,186840
2026-09-02 02:24:44 UTC,202,5481abec-fab6-4082-8583-de3b222769c8,Geno,Smith,NYJ,QB,a6bd5a8f-575b-49b1-a4bd-c8465e7eee8f,30f8dc05-9453-4079-9355-e65efe1fd998,,12,,,,,,,,,,,,Weekly Winners,21004ed7-7e8d-49e0-b87c-5f09a3edb77a,10.0,1700000.0,186840
2026-08-22 20:17:52 UTC,72,b4da19e1-6218-4455-bc0a-42bc626abcf6,Marvin,Harrison,ARI,WR,db5a8d42-3860-4852-8b95-ca4e036f3729,6ced09a2-506f-4242-8ffa-357610eaa031,,12,,,,,,,,,,,,Weekly Winners,21004ed7-7e8d-49e0-b87c-5f09a3edb77a,10.0,1700000.0,186840
2026-08-21 01:08:08 UTC,63,8ac32621-1c13-4ded-9b44-2590972a9e37,Brian,Thomas,JAX,WR,a6bd5a8f-575b-49b1-a4bd-c8465e7eee8f,30f8dc05-9453-4079-9355-e65efe1fd998,,12,,,,,,,,,,,,Weekly Winners,21004ed7-7e8d-49e0-b87c-5f09a3edb77a,10.0,1700000.0,186840
2026-08-17 16:10:18 UTC,23,0a69ed5c-79bd-4af9-8420-8d716cabf31f,A.J.,Brown,NE,WR,c327bc1b-e0bf-465e-8173-d606cf1e4cee,c2e76a99-a46b-482d-8183-ff7a1cdd4e33,,12,,,,,,,,,,,,Weekly Winners,21004ed7-7e8d-49e0-b87c-5f09a3edb77a,10.0,1700000.0,186840
2026-08-28 00:49:12 UTC,109,e6a26409-e24a-484f-9578-28dbf2e6432d,Jaxson,Dart,NYG,QB,f0e29ddc-0450-48fd-891f-e863af391747,f1fe43cd-20e2-4cc3-a7e9-061f64cdb969,,12,,,,,,,,,,,,Weekly Winners,21004ed7-7e8d-49e0-b87c-5f09a3edb77a,10.0,1700000.0,186840
2026-08-19 22:43:52 UTC,41,e738ab47-cd7d-4ea8-8d53-4f354c9907d6,Travis,Etienne Jr.,NO,RB,c60fd17d-0bdb-4ee7-be40-d1bcffbb5c1e,5befaed3-da4c-4bdf-862a-78f5f08dafb1,,12,,,,,,,,,,,,Weekly Winners,21004ed7-7e8d-49e0-b87c-5f09a3edb77a,10.0,1700000.0,186840
2026-08-15 14:15:14 UTC,3,8586cc92-b63c-4717-9255-18adba9d1cbc,Ja'Marr,Chase,CIN,WR,9fe1f2a8-d64b-4f85-a49f-6f35bf71c9bb,9e642807-05dd-4ebd-b516-150ea674c423,,12,,,,,,,,,,,,Weekly Winners,21004ed7-7e8d-49e0-b87c-5f09a3edb77a,10.0,1700000.0,186840
2026-08-18 18:10:46 UTC,37,e1d04d6d-9632-4c43-b358-c88d298ca77b,Garrett,Wilson,NYJ,WR,f0e29ddc-0450-48fd-891f-e863af391747,f1fe43cd-20e2-4cc3-a7e9-061f64cdb969,,12,,,,,,,,,,,,Weekly Winners,21004ed7-7e8d-49e0-b87c-5f09a3edb77a,10.0,1700000.0,186840
2026-08-29 01:07:01 UTC,113,0823d4a8-011a-4606-9b58-558da9e81853,Alec,Pierce,IND,WR,9cf848ab-2f6e-4717-aaf1-037f4bc9d791,c1fdeff4-8673-4e48-a31d-3fa665c6e977,,12,,,,,,,,,,,,Weekly Winners,21004ed7-7e8d-49e0-b87c-5f09a3edb77a,10.0,1700000.0,186840
2026-08-27 18:34:01 UTC,92,f449f731-19d4-4488-a645-ad39551c6b30,Justin,Herbert,LAC,QB,d9fa7589-33f9-420c-b425-ce6fc9ecb810,978217e2-8cf4-4eb6-8fcd-58efeec456bc,,12,,,,,,,,,,,,Weekly Winners,21004ed7-7e8d-49e0-b87c-5f09a3edb77a,10.0,1700000.0,186840
2026-08-25 21:20:34 UTC,80,e2378626-d211-4e4e-a102-519afafe501f,Jayden,Reed,GB,WR,9cf848ab-2f6e-4717-aaf1-037f4bc9d791,c1fdeff4-8673-4e48-a31d-3fa665c6e977,,12,,,,,,,,,,,,Weekly Winners,21004ed7-7e8d-49e0-b87c-5f09a3edb77a,10.0,1700000.0,186840
2026-09-04 19:32:18 UTC,216,cdf76f30-7099-481c-a26a-0844dd012041,Jaylin,Noel,HOU,WR,b06d443b-af79-4d72-84a4-22cc5097c7ae,f347ff6e-740b-464c-a486-c2b2e498048e,,12,,,,,,,,,,,,Weekly Winners,21004ed7-7e8d-49e0-b87c-5f09a3edb77a,10.0,1700000.0,186840
2026-08-29 13:51:01 UTC,121,39e57bd8-abe5-4401-be29-d9eeee732c74,Rachaad,White,WAS,RB,b06d443b-af79-4d72-84a4-22cc5097c7ae,f347ff6e-740b-464c-a486-c2b2e498048e,,12,,,,,,,,,,,,Weekly Winners,21004ed7-7e8d-49e0-b87c-5f09a3edb77a,10.0,1700000.0,186840
2026-08-23 12:49:31 UTC,82,da734ea2-17b9-42ba-a72c-637567ceb44c,Chuba,Hubbard,CAR,RB,a6bd5a8f-575b-49b1-a4bd-c8465e7eee8f,30f8dc05-9453-4079-9355-e65efe1fd998,,12,,,,,,,,,,,,Weekly Winners,21004ed7-7e8d-49e0-b87c-5f09a3edb77a,10.0,1700000.0,186840
2026-08-29 01:06:23 UTC,139,5c5dfc3f-3923-489b-b11a-e24c351a344f,Jonah,Coleman,DEN,RB,fc77e175-bb99-4386-92dd-1b6f49ad2fc2,62d32b5d-bcc2-48d2-acf7-71dd208fbb6e,,12,,,,,,,,,,,,Weekly Winners,21004ed7-7e8d-49e0-b87c-5f09a3edb77a,10.0,1700000.0,186840
2026-08-20 11:37:21 UTC,42,e5a52e43-fbea-45dc-8660-96ee36bf08b0,D.J.,Moore,BUF,WR,a3f3d3b9-2a15-4440-bb4d-31e6b98fbb17,63867e8e-c985-4686-a083-369578c2c1c1,,12,,,,,,,,,,,,Weekly Winners,21004ed7-7e8d-49e0-b87c-5f09a3edb77a,10.0,1700000.0,186840
2026-09-02 00:39:51 UTC,165,7a1f8039-eefe-40b6-b957-44b81f470b68,Jalen,McMillan,TB,WR,8f31166e-cb06-433f-a44c-c2e59eba3657,e62f07af-23cc-4dc1-9e56-c52a5ffc7507,,12,,,,,,,,,,,,Weekly Winners,21004ed7-7e8d-49e0-b87c-5f09a3edb77a,10.0,1700000.0,186840
2026-08-15 14:15:51 UTC,1,bf5232e3-61aa-4419-93df-ca90e2ff85d1,Jahmyr,Gibbs,DET,RB,db5a8d42-3860-4852-8b95-ca4e036f3729,6ced09a2-506f-4242-8ffa-357610eaa031,,12,,,,,,,,,,,,Weekly Winners,21004ed7-7e8d-49e0-b87c-5f09a3edb77a,10.0,1700000.0,186840
2026-08-27 10:59:16 UTC,115,e0303f62-28fb-49ab-9f36-12395298772d,Romeo,Doubs,NE,WR,fc77e175-bb99-4386-92dd-1b6f49ad2fc2,62d32b5d-bcc2-48d2-acf7-71dd208fbb6e,,12,,,,,,,,,,,,Weekly Winners,21004ed7-7e8d-49e0-b87c-5f09a3edb77a,10.0,1700000.0,186840
2026-09-03 11:38:25 UTC,169,e106903e-7948-49f8-a1d8-ab2543dfbce4,Kenyon,Sadiq,NYJ,TE,b06d443b-af79-4d72-84a4-22cc5097c7ae,f347ff6e-740b-464c-a486-c2b2e498048e,,12,,,,,,,,,,,,Weekly Winners,21004ed7-7e8d-49e0-b87c-5f09a3edb77a,10.0,1700000.0,186840
2026-08-19 18:55:07 UTC,48,b6336c52-ec87-4509-9ede-1ee249b76cf4,Tee,Higgins,CIN,WR,8e3a3895-359c-4736-87ed-3c327adca338,d28f1914-0bd5-45f4-add2-df3d1c5e983b,,12,,,,,,,,,,,,Weekly Winners,21004ed7-7e8d-49e0-b87c-5f09a3edb77a,10.0,1700000.0,186840
2026-08-15 13:49:47 UTC,90,34f9ed1e-8712-4d1d-a1e6-aa5bea663dc1,Courtland,Sutton,DEN,WR,06e038da-c58d-479f-80d8-1bc374719d01,75975984-b6d1-4c87-8278-a797757d43b3,,12,,,,,,,,,,,,Weekly Winners,21004ed7-7e8d-49e0-b87c-5f09a3edb77a,10.0,1700000.0,186840
2026-08-24 12:41:01 UTC,71,b4da19e1-6218-4455-bc0a-42bc626abcf6,Marvin,Harrison,ARI,WR,c327bc1b-e0bf-465e-8173-d606cf1e4cee,c2e76a99-a46b-482d-8183-ff7a1cdd4e33,,12,,,,,,,,,,,,Weekly Winners,21004ed7-7e8d-49e0-b87c-5f09a3edb77a,10.0,1700000.0,186840
2026-08-19 23:47:58 UTC,29,5aff5607-e6fc-42df-b609-41b63f3aa5cc,Chris,Olave,NO,WR,d9fa7589-33f9-420c-b425-ce6fc9ecb810,978217e2-8cf4-4eb6-8fcd-58efeec456bc,,12,,,,,,,,,,,,Weekly Winners,21004ed7-7e8d-49e0-b87c-5f09a3edb77a,10.0,1700000.0,186840
2026-09-01 18:24:57 UTC,192,2fe40be1-ba6c-4d08-bf42-3e6c71c66f26,Cade,Otton,TB,TE,c35db5be-c1bd-4a6b-826b-702666f4e206,2d1e432b-7776-4af2-98fd-1dbe3fccdb5b,,12,,,,,,,,,,,,Weekly Winners,21004ed7-7e8d-49e0-b87c-5f09a3edb77a,10.0,1700000.0,186840
2026-08-27 00:10:40 UTC,121,87d78dd0-9776-4a87-ad7b-97d74c5b746f,Travis,Kelce,KC,TE,8e3a3895-359c-4736-87ed-3c327adca338,d28f1914-0bd5-45f4-add2-df3d1c5e983b,,12,,,,,,,,,,,,Weekly Winners,21004ed7-7e8d-49e0-b87c-5f09a3edb77a,10.0,1700000.0,186840
2026-09-02 01:09:33 UTC,179,93fd83a8-7e46-48bf-8be2-471de5db1168,AJ,Barner,SEA,TE,b0c8cc57-d2fe-4573-aa7a-62317ebba563,4425e129-178d-41c3-9701-68bed5649054,,12,,,,,,,,,,,,Weekly Winners,21004ed7-7e8d-49e0-b87c-5f09a3edb77a,10.0,1700000.0,186840
2026-08-31 19:36:53 UTC,137,73ebdcb4-cfde-4afa-819d-acfa74f688f9,Jalen,Coker,CAR,WR,c60fd17d-0bdb-4ee7-be40-d1bcffbb5c1e,5befaed3-da4c-4bdf-862a-78f5f08dafb1,,12,,,,,,,,,,,,Weekly Winners,21004ed7-7e8d-49e0-b87c-5f09a3edb77a,10.0,1700000.0,186840
2026-08-19 18:54:14 UTC,51,daa8ff2a-c2db-4d38-96e4-d4c3b457203d,Bhayshul,Tuten,JAX,RB,fbf1c565-b3d8-4d9c-a897-53a5b37f357c,08ab0d44-05f3-4df7-a415-9b14f2320d64,,12,,,,,,,,,,,,Weekly Winners,21004ed7-7e8d-49e0-b87c-5f09a3edb77a,10.0,1700000.0,186840
2026-08-22 20:18:54 UTC,55,edf31dae-c400-433e-83bc-9fdece811568,Davante,Adams,LAR,WR,a3f3d3b9-2a15-4440-bb4d-31e6b98fbb17,63867e8e-c985-4686-a083-369578c2c1c1,,12,,,,,,,,,,,,Weekly Winners,21004ed7-7e8d-49e0-b87c-5f09a3edb77a,10.0,1700000.0,186840
2026-08-31 19:36:36 UTC,138,171fc41e-fd4f-4582-83dd-ca02c93db132,Woody,Marks,HOU,RB,a3f3d3b9-2a15-4440-bb4d-31e6b98fbb17,63867e8e-c985-4686-a083-369578c2c1c1,,12,,,,,,,,,,,,Weekly Winners,21004ed7-7e8d-49e0-b87c-5f09a3edb77a,10.0,1700000.0,186840
2026-08-25 21:21:23 UTC,92,e2041ec4-4cc4-4f3f-8f55-593ef2c6b19d,Jalen,Hurts,PHI,QB,ba39ca1f-03a4-41f9-bebe-e72bfe88f5bd,6835ce50-c3fb-490c-8a81-678475af8ccc,,12,,,,,,,,,,,,Weekly Winners,21004ed7-7e8d-49e0-b87c-5f09a3edb77a,10.0,1700000.0,186840
2026-08-30 19:57:51 UTC,168,a03bea6a-e0db-47ef-9504-04b71a414cbd,Malik,Washington,MIA,WR,db5a8d42-3860-4852-8b95-ca4e036f3729,6ced09a2-506f-4242-8ffa-357610eaa031,,12,,,,,,,,,,,,Weekly Winners,21004ed7-7e8d-49e0-b87c-5f09a3edb77a,10.0,1700000.0,186840
2026-08-27 18:35:12 UTC,121,87d78dd0-9776-4a87-ad7b-97d74c5b746f,Travis,Kelce,KC,TE,c35db5be-c1bd-4a6b-826b-702666f4e206,2d1e432b-7776-4af2-98fd-1dbe3fccdb5b,,12,,,,,,,,,,,,Weekly Winners,21004ed7-7e8d-49e0-b87c-5f09a3edb77a,10.0,1700000.0,186840
2026-08-15 14:45:16 UTC,195,54af7338-34d3-4b14-b271-cc71144de6f9,Dalton,Schultz,HOU,TE,9fe1f2a8-d64b-4f85-a49f-6f35bf71c9bb,9e642807-05dd-4ebd-b516-150ea674c423,,12,,,,,,,,,,,,Weekly Winners,21004ed7-7e8d-49e0-b87c-5f09a3edb77a,10.0,1700000.0,186840
2026-08-27 00:28:07 UTC,110,6cafce4c-eb3b-4058-a496-14a70a2e795f,Isaiah,Likely,NYG,TE,b0c8cc57-d2fe-4573-aa7a-62317ebba563,4425e129-178d-41c3-9701-68bed5649054,,12,,,,,,,,,,,,Weekly Winners,21004ed7-7e8d-49e0-b87c-5f09a3edb77a,10.0,1700000.0,186840
2026-08-29 00:02:59 UTC,144,3a43ee64-1e4b-489e-ad8b-066c22af1335,Juwan,Johnson,NO,TE,8e3a3895-359c-4736-87ed-3c327adca338,d28f1914-0bd5-45f4-add2-df3d1c5e983b,,12,,,,,,,,,,,,Weekly Winners,21004ed7-7e8d-49e0-b87c-5f09a3edb77a,10.0,1700000.0,186840
2026-09-03 22:28:51 UTC,209,1fe6eb5b-f3b1-4cf5-8f98-fe172a7773cc,Darnell,Washington,PIT,TE,9cf848ab-2f6e-4717-aaf1-037f4bc9d791,c1fdeff4-8673-4e48-a31d-3fa665c6e977,,12,,,,,,,,,,,,Weekly Winners,21004ed7-7e8d-49e0-b87c-5f09a3edb77a,10.0,1700000.0,186840
2026-08-25 21:19:32 UTC,100,324f8d9f-7c68-495d-8101-325ed9212350,Matthew,Stafford,LAR,QB,8f31166e-cb06-433f-a44c-c2e59eba3657,e62f07af-23cc-4dc1-9e56-c52a5ffc7507,,12,,,,,,,,,,,,Weekly Winners,21004ed7-7e8d-49e0-b87c-5f09a3edb77a,10.0,1700000.0,186840
2026-08-17 02:15:28 UTC,18,12164868-dfe2-4332-934b-46f94011d67d,Derrick,Henry,BAL,RB,ba20d4c8-5e70-4dba-80f8-6abfaeb686f2,d41bc161-391d-4d60-b31b-ccf94f4a5a17,,12,,,,,,,,,,,,Weekly Winners,21004ed7-7e8d-49e0-b87c-5f09a3edb77a,10.0,1700000.0,186840
2026-08-28 02:19:48 UTC,104,f3295482-ced1-413a-90f8-5ad870267f1a,Matthew,Golden,GB,WR,9cf848ab-2f6e-4717-aaf1-037f4bc9d791,c1fdeff4-8673-4e48-a31d-3fa665c6e977,,12,,,,,,,,,,,,Weekly Winners,21004ed7-7e8d-49e0-b87c-5f09a3edb77a,10.0,1700000.0,186840
2026-08-17 21:38:30 UTC,29,5aff5607-e6fc-42df-b609-41b63f3aa5cc,Chris,Olave,NO,WR,ba39ca1f-03a4-41f9-bebe-e72bfe88f5bd,6835ce50-c3fb-490c-8a81-678475af8ccc,,12,,,,,,,,,,,,Weekly Winners,21004ed7-7e8d-49e0-b87c-5f09a3edb77a,10.0,1700000.0,186840
2026-08-19 23:48:29 UTC,48,abad0ce9-c685-48c9-b8db-ddbab63f73ee,Jameson,Williams,DET,WR,db5a8d42-3860-4852-8b95-ca4e036f3729,6ced09a2-506f-4242-8ffa-357610eaa031,,12,,,,,,,,,,,,Weekly Winners,21004ed7-7e8d-49e0-b87c-5f09a3edb77a,10.0,1700000.0,186840
2026-08-15 13:47:33 UTC,79,49fed2ad-e746-48a2-a01f-6f786d08f5de,Michael,Wilson,ARI,WR,06e038da-c58d-479f-80d8-1bc374719d01,75975984-b6d1-4c87-8278-a797757d43b3,,12,,,,,,,,,,,,Weekly Winners,21004ed7-7e8d-49e0-b87c-5f09a3edb77a,10.0,1700000.0,186840
2026-08-29 13:50:31 UTC,116,508a13e0-2f0b-4776-b31a-23b2709ef598,Jacory,Croskey-Merritt,WAS,RB,d9fa7589-33f9-420c-b425-ce6fc9ecb810,978217e2-8cf4-4eb6-8fcd-58efeec456bc,,12,,,,,,,,,,,,Weekly Winners,21004ed7-7e8d-49e0-b87c-5f09a3edb77a,10.0,1700000.0,186840
2026-08-30 21:58:14 UTC,168,293d3ca6-0c25-4403-8c90-6977e7a994eb,Adonai,Mitchell,NYJ,WR,c35db5be-c1bd-4a6b-826b-702666f4e206,2d1e432b-7776-4af2-98fd-1dbe3fccdb5b,,12,,,,,,,,,,,,Weekly Winners,21004ed7-7e8d-49e0-b87c-5f09a3edb77a,10.0,1700000.0,186840
2026-08-23 01:46:37 UTC,65,8ac32621-1c13-4ded-9b44-2590972a9e37,Brian,Thomas,JAX,WR,f3f6202f-a143-4f08-b8e3-b8866febb859,787ef363-c32b-4705-9f73-268550540b0a,,12,,,,,,,,,,,,Weekly Winners,21004ed7-7e8d-49e0-b87c-5f09a3edb77a,10.0,1700000.0,186840
2026-08-30 17:22:07 UTC,169,8ce42006-abfb-40a6-a5a4-298da0d3d6bf,Cyrus,Allen,KC,WR,8e3a3895-359c-4736-87ed-3c327adca338,d28f1914-0bd5-45f4-add2-df3d1c5e983b,,12,,,,,,,,,,,,Weekly Winners,21004ed7-7e8d-49e0-b87c-5f09a3edb77a,10.0,1700000.0,186840
2026-08-24 00:31:06 UTC,86,c3141997-c0d4-4dff-9d46-182fa79e133f,Blake,Corum,LAR,RB,b0c8cc57-d2fe-4573-aa7a-62317ebba563,4425e129-178d-41c3-9701-68bed5649054,,12,,,,,,,,,,,,Weekly Winners,21004ed7-7e8d-49e0-b87c-5f09a3edb77a,10.0,1700000.0,186840
2026-08-17 19:49:41 UTC,26,903e5050-9c85-43ef-9728-287b0fd6fa83,Kyren,Williams,LAR,RB,eda3ada1-c0f4-44f2-8c8a-b58e6236c317,aa85cd98-cccf-4089-86c5-2760b9a85957,,12,,,,,,,,,,,,Weekly Winners,21004ed7-7e8d-49e0-b87c-5f09a3edb77a,10.0,1700000.0,186840
2026-08-17 11:40:38 UTC,25,05e934c4-ee4d-43ce-8df0-3b42b9bc9a79,Trey,McBride,ARI,TE,db5a8d42-3860-4852-8b95-ca4e036f3729,6ced09a2-506f-4242-8ffa-357610eaa031,,12,,,,,,,,,,,,Weekly Winners,21004ed7-7e8d-49e0-b87c-5f09a3edb77a,10.0,1700000.0,186840
2026-09-03 11:38:05 UTC,168,93fd83a8-7e46-48bf-8be2-471de5db1168,AJ,Barner,SEA,TE,b06d443b-af79-4d72-84a4-22cc5097c7ae,f347ff6e-740b-464c-a486-c2b2e498048e,,12,,,,,,,,,,,,Weekly Winners,21004ed7-7e8d-49e0-b87c-5f09a3edb77a,10.0,1700000.0,186840
2026-08-19 23:47:45 UTC,49,edf31dae-c400-433e-83bc-9fdece811568,Davante,Adams,LAR,WR,b06d443b-af79-4d72-84a4-22cc5097c7ae,f347ff6e-740b-464c-a486-c2b2e498048e,,12,,,,,,,,,,,,Weekly Winners,21004ed7-7e8d-49e0-b87c-5f09a3edb77a,10.0,1700000.0,186840
2026-08-30 00:48:09 UTC,128,2620100f-7e5d-4b32-ba34-2ac2f7f72aa9,Dallas,Goedert,PHI,TE,f3f6202f-a143-4f08-b8e3-b8866febb859,787ef363-c32b-4705-9f73-268550540b0a,,12,,,,,,,,,,,,Weekly Winners,21004ed7-7e8d-49e0-b87c-5f09a3edb77a,10.0,1700000.0,186840
2026-08-30 00:45:48 UTC,125,324f8d9f-7c68-495d-8101-325ed9212350,Matthew,Stafford,LAR,QB,d9fa7589-33f9-420c-b425-ce6fc9ecb810,978217e2-8cf4-4eb6-8fcd-58efeec456bc,,12,,,,,,,,,,,,Weekly Winners,21004ed7-7e8d-49e0-b87c-5f09a3edb77a,10.0,1700000.0,186840
2026-08-31 16:43:57 UTC,152,5c5dfc3f-3923-489b-b11a-e24c351a344f,Jonah,Coleman,DEN,RB,9cf848ab-2f6e-4717-aaf1-037f4bc9d791,c1fdeff4-8673-4e48-a31d-3fa665c6e977,,12,,,,,,,,,,,,Weekly Winners,21004ed7-7e8d-49e0-b87c-5f09a3edb77a,10.0,1700000.0,186840
2026-08-17 19:30:39 UTC,27,2cb400c9-16e2-4937-850b-05d9302a93c5,Rashee,Rice,KC,WR,fbf1c565-b3d8-4d9c-a897-53a5b37f357c,08ab0d44-05f3-4df7-a415-9b14f2320d64,,12,,,,,,,,,,,,Weekly Winners,21004ed7-7e8d-49e0-b87c-5f09a3edb77a,10.0,1700000.0,186840
2026-09-01 18:23:23 UTC,146,0b903bf2-bf13-4c61-9c10-f02fdada5488,Jake,Ferguson,DAL,TE,c327bc1b-e0bf-465e-8173-d606cf1e4cee,c2e76a99-a46b-482d-8183-ff7a1cdd4e33,,12,,,,,,,,,,,,Weekly Winners,21004ed7-7e8d-49e0-b87c-5f09a3edb77a,10.0,1700000.0,186840
2026-08-29 12:10:30 UTC,124,14ebe973-fd54-413f-9770-eefad3a0a22a,Brock,Purdy,SF,QB,8f31166e-cb06-433f-a44c-c2e59eba3657,e62f07af-23cc-4dc1-9e56-c52a5ffc7507,,12,,,,,,,,,,,,Weekly Winners,21004ed7-7e8d-49e0-b87c-5f09a3edb77a,10.0,1700000.0,186840
2026-08-23 01:46:59 UTC,68,4357d818-0ea4-4f94-ba32-0a12da8761f5,Quentin,Johnston,LAC,WR,ba39ca1f-03a4-41f9-bebe-e72bfe88f5bd,6835ce50-c3fb-490c-8a81-678475af8ccc,,12,,,,,,,,,,,,Weekly Winners,21004ed7-7e8d-49e0-b87c-5f09a3edb77a,10.0,1700000.0,186840
2026-08-30 23:59:29 UTC,163,1391a0b2-a7ed-4a65-9bbf-18495fee9c07,Jalen,Nailor,LV,WR,fc77e175-bb99-4386-92dd-1b6f49ad2fc2,62d32b5d-bcc2-48d2-acf7-71dd208fbb6e,,12,,,,,,,,,,,,Weekly Winners,21004ed7-7e8d-49e0-b87c-5f09a3edb77a,10.0,1700000.0,186840
2026-08-18 18:11:12 UTC,43,e738ab47-cd7d-4ea8-8d53-4f354c9907d6,Travis,Etienne Jr.,NO,RB,fc77e175-bb99-4386-92dd-1b6f49ad2fc2,62d32b5d-bcc2-48d2-acf7-71dd208fbb6e,,12,,,,,,,,,,,,Weekly Winners,21004ed7-7e8d-49e0-b87c-5f09a3edb77a,10.0,1700000.0,186840
2026-09-02 23:06:32 UTC,185,e106903e-7948-49f8-a1d8-ab2543dfbce4,Kenyon,Sadiq,NYJ,TE,9cf848ab-2f6e-4717-aaf1-037f4bc9d791,c1fdeff4-8673-4e48-a31d-3fa665c6e977,,12,,,,,,,,,,,,Weekly Winners,21004ed7-7e8d-49e0-b87c-5f09a3edb77a,10.0,1700000.0,186840
2026-09-03 11:39:01 UTC,195,671f8c9c-28b3-4dbd-87d2-13c2a9a5c963,Tyrone,Tracy,NYG,RB,fbf1c565-b3d8-4d9c-a897-53a5b37f357c,08ab0d44-05f3-4df7-a415-9b14f2320d64,,12,,,,,,,,,,,,Weekly Winners,21004ed7-7e8d-49e0-b87c-5f09a3edb77a,10.0,1700000.0,186840
2026-09-04 00:44:21 UTC,212,a8fbedf7-1932-4c2a-a816-3e94d9974ceb,Jacoby,Brissett,ARI,QB,ba39ca1f-03a4-41f9-bebe-e72bfe88f5bd,6835ce50-c3fb-490c-8a81-678475af8ccc,,12,,,,,,,,,,,,Weekly Winners,21004ed7-7e8d-49e0-b87c-5f09a3edb77a,10.0,1700000.0,186840
2026-08-24 18:03:41 UTC,80,da734ea2-17b9-42ba-a72c-637567ceb44c,Chuba,Hubbard,CAR,RB,c60fd17d-0bdb-4ee7-be40-d1bcffbb5c1e,5befaed3-da4c-4bdf-862a-78f5f08dafb1,,12,,,,,,,,,,,,Weekly Winners,21004ed7-7e8d-49e0-b87c-5f09a3edb77a,10.0,1700000.0,186840
2026-08-15 14:37:12 UTC,142,85327869-b953-4296-8061-34dbeb43bcae,Chris,Rodriguez,JAX,RB,9fe1f2a8-d64b-4f85-a49f-6f35bf71c9bb,9e642807-05dd-4ebd-b516-150ea674c423,,12,,,,,,,,,,,,Weekly Winners,21004ed7-7e8d-49e0-b87c-5f09a3edb77a,10.0,1700000.0,186840
2026-08-17 16:10:05 UTC,25,cc61b3c5-70e6-4456-9ba2-4e23a1f9b2ac,Drake,London,ATL,WR,8e3a3895-359c-4736-87ed-3c327adca338,d28f1914-0bd5-45f4-add2-df3d1c5e983b,,12,,,,,,,,,,,,Weekly Winners,21004ed7-7e8d-49e0-b87c-5f09a3edb77a,10.0,1700000.0,186840
2026-09-03 03:08:34 UTC,161,671f8c9c-28b3-4dbd-87d2-13c2a9a5c963,Tyrone,Tracy,NYG,RB,c60fd17d-0bdb-4ee7-be40-d1bcffbb5c1e,5befaed3-da4c-4bdf-862a-78f5f08dafb1,,12,,,,,,,,,,,,Weekly Winners,21004ed7-7e8d-49e0-b87c-5f09a3edb77a,10.0,1700000.0,186840
2026-09-01 02:29:51 UTC,161,da9f6a13-7a56-40a2-bd21-dc9486cbfa05,Travis,Hunter,JAX,WR,9cf848ab-2f6e-4717-aaf1-037f4bc9d791,c1fdeff4-8673-4e48-a31d-3fa665c6e977,,12,,,,,,,,,,,,Weekly Winners,21004ed7-7e8d-49e0-b87c-5f09a3edb77a,10.0,1700000.0,186840
2026-08-22 20:17:26 UTC,69,4357d818-0ea4-4f94-ba32-0a12da8761f5,Quentin,Johnston,LAC,WR,8f31166e-cb06-433f-a44c-c2e59eba3657,e62f07af-23cc-4dc1-9e56-c52a5ffc7507,,12,,,,,,,,,,,,Weekly Winners,21004ed7-7e8d-49e0-b87c-5f09a3edb77a,10.0,1700000.0,186840
2026-08-18 21:04:19 UTC,48,b3ab90c9-8a19-482f-a860-d559344207d9,TreVeyon,Henderson,NE,RB,c35db5be-c1bd-4a6b-826b-702666f4e206,2d1e432b-7776-4af2-98fd-1dbe3fccdb5b,,12,,,,,,,,,,,,Weekly Winners,21004ed7-7e8d-49e0-b87c-5f09a3edb77a,10.0,1700000.0,186840
2026-08-15 14:05:18 UTC,210,bb32f72b-4f97-4827-a72a-98328f77fee1,Jordan,James,SF,RB,06e038da-c58d-479f-80d8-1bc374719d01,75975984-b6d1-4c87-8278-a797757d43b3,,12,,,,,,,,,,,,Weekly Winners,21004ed7-7e8d-49e0-b87c-5f09a3edb77a,10.0,1700000.0,186840
2026-09-03 21:28:33 UTC,209,5481abec-fab6-4082-8583-de3b222769c8,Geno,Smith,NYJ,QB,f3f6202f-a143-4f08-b8e3-b8866febb859,787ef363-c32b-4705-9f73-268550540b0a,,12,,,,,,,,,,,,Weekly Winners,21004ed7-7e8d-49e0-b87c-5f09a3edb77a,10.0,1700000.0,186840
2026-08-22 01:49:28 UTC,44,edf31dae-c400-433e-83bc-9fdece811568,Davante,Adams,LAR,WR,d9fa7589-33f9-420c-b425-ce6fc9ecb810,978217e2-8cf4-4eb6-8fcd-58efeec456bc,,12,,,,,,,,,,,,Weekly Winners,21004ed7-7e8d-49e0-b87c-5f09a3edb77a,10.0,1700000.0,186840
2026-09-03 02:50:24 UTC,180,93fd83a8-7e46-48bf-8be2-471de5db1168,AJ,Barner,SEA,TE,f0e29ddc-0450-48fd-891f-e863af391747,f1fe43cd-20e2-4cc3-a7e9-061f64cdb969,,12,,,,,,,,,,,,Weekly Winners,21004ed7-7e8d-49e0-b87c-5f09a3edb77a,10.0,1700000.0,186840
2026-08-15 13:45:44 UTC,66,bee2e97e-6521-495a-bd7b-d1773fbc21cd,Caleb,Williams,CHI,QB,06e038da-c58d-479f-80d8-1bc374719d01,75975984-b6d1-4c87-8278-a797757d43b3,,12,,,,,,,,,,,,Weekly Winners,21004ed7-7e8d-49e0-b87c-5f09a3edb77a,10.0,1700000.0,186840
2026-09-03 15:00:01 UTC,200,160f9607-3e5c-4d4e-9453-b7b734e8d950,Alvin,Kamara,NO,RB,b91a01c3-635c-4512-b6a6-1f8b5010fac6,4cfea67b-a4bf-450b-8205-c4f5f3c4d2bc,,12,,,,,,,,,,,,Weekly Winners,21004ed7-7e8d-49e0-b87c-5f09a3edb77a,10.0,1700000.0,186840
2026-08-25 11:46:20 UTC,93,48b2ca63-8ba9-4b9a-b7af-bbef17c89846,Harold,Fannin,CLE,TE,8f31166e-cb06-433f-a44c-c2e59eba3657,e62f07af-23cc-4dc1-9e56-c52a5ffc7507,,12,,,,,,,,,,,,Weekly Winners,21004ed7-7e8d-49e0-b87c-5f09a3edb77a,10.0,1700000.0,186840
2026-08-18 23:21:17 UTC,35,05e934c4-ee4d-43ce-8df0-3b42b9bc9a79,Trey,McBride,ARI,TE,b0c8cc57-d2fe-4573-aa7a-62317ebba563,4425e129-178d-41c3-9701-68bed5649054,,12,,,,,,,,,,,,Weekly Winners,21004ed7-7e8d-49e0-b87c-5f09a3edb77a,10.0,1700000.0,186840
2026-08-15 19:52:48 UTC,8,5005a8f8-1490-4291-a0f5-7901660f6946,Amon-Ra,St. Brown,DET,WR,c60fd17d-0bdb-4ee7-be40-d1bcffbb5c1e,5befaed3-da4c-4bdf-862a-78f5f08dafb1,,12,,,,,,,,,,,,Weekly Winners,21004ed7-7e8d-49e0-b87c-5f09a3edb77a,10.0,1700000.0,186840
2026-08-23 01:46:31 UTC,89,a68d5238-e712-4faf-9f2b-8066ce3b3f80,Rico,Dowdle,PIT,RB,b91a01c3-635c-4512-b6a6-1f8b5010fac6,4cfea67b-a4bf-450b-8205-c4f5f3c4d2bc,,12,,,,,,,,,,,,Weekly Winners,21004ed7-7e8d-49e0-b87c-5f09a3edb77a,10.0,1700000.0,186840
2026-08-20 12:10:31 UTC,50,abad0ce9-c685-48c9-b8db-ddbab63f73ee,Jameson,Williams,DET,WR,eda3ada1-c0f4-44f2-8c8a-b58e6236c317,aa85cd98-cccf-4089-86c5-2760b9a85957,,12,,,,,,,,,,,,Weekly Winners,21004ed7-7e8d-49e0-b87c-5f09a3edb77a,10.0,1700000.0,186840
2026-08-24 11:50:56 UTC,90,48b2ca63-8ba9-4b9a-b7af-bbef17c89846,Harold,Fannin,CLE,TE,ba20d4c8-5e70-4dba-80f8-6abfaeb686f2,d41bc161-391d-4d60-b31b-ccf94f4a5a17,,12,,,,,,,,,,,,Weekly Winners,21004ed7-7e8d-49e0-b87c-5f09a3edb77a,10.0,1700000.0,186840
2026-08-15 14:18:34 UTC,22,e1a701cb-7fa1-402f-8344-4da7af9ccca6,George,Pickens,DAL,WR,9fe1f2a8-d64b-4f85-a49f-6f35bf71c9bb,9e642807-05dd-4ebd-b516-150ea674c423,,12,,,,,,,,,,,,Weekly Winners,21004ed7-7e8d-49e0-b87c-5f09a3edb77a,10.0,1700000.0,186840
2026-09-02 17:12:09 UTC,152,5c5dfc3f-3923-489b-b11a-e24c351a344f,Jonah,Coleman,DEN,RB,c60fd17d-0bdb-4ee7-be40-d1bcffbb5c1e,5befaed3-da4c-4bdf-862a-78f5f08dafb1,,12,,,,,,,,,,,,Weekly Winners,21004ed7-7e8d-49e0-b87c-5f09a3edb77a,10.0,1700000.0,186840
2026-09-01 18:25:48 UTC,193,ace07fec-47fa-41b0-8f67-900ca5261ed3,Oronde,Gadsden,LAC,TE,8e3a3895-359c-4736-87ed-3c327adca338,d28f1914-0bd5-45f4-add2-df3d1c5e983b,,12,,,,,,,,,,,,Weekly Winners,21004ed7-7e8d-49e0-b87c-5f09a3edb77a,10.0,1700000.0,186840
2026-08-17 00:17:50 UTC,25,903e5050-9c85-43ef-9728-287b0fd6fa83,Kyren,Williams,LAR,RB,b06d443b-af79-4d72-84a4-22cc5097c7ae,f347ff6e-740b-464c-a486-c2b2e498048e,,12,,,,,,,,,,,,Weekly Winners,21004ed7-7e8d-49e0-b87c-5f09a3edb77a,10.0,1700000.0,186840
2026-08-31 20:55:24 UTC,171,93fd83a8-7e46-48bf-8be2-471de5db1168,AJ,Barner,SEA,TE,fbf1c565-b3d8-4d9c-a897-53a5b37f357c,08ab0d44-05f3-4df7-a415-9b14f2320d64,,12,,,,,,,,,,,,Weekly Winners,21004ed7-7e8d-49e0-b87c-5f09a3edb77a,10.0,1700000.0,186840
2026-08-31 14:04:17 UTC,166,1391a0b2-a7ed-4a65-9bbf-18495fee9c07,Jalen,Nailor,LV,WR,fbf1c565-b3d8-4d9c-a897-53a5b37f357c,08ab0d44-05f3-4df7-a415-9b14f2320d64,,12,,,,,,,,,,,,Weekly Winners,21004ed7-7e8d-49e0-b87c-5f09a3edb77a,10.0,1700000.0,186840
2026-08-27 18:33:21 UTC,95,e6a26409-e24a-484f-9578-28dbf2e6432d,Jaxson,Dart,NYG,QB,c327bc1b-e0bf-465e-8173-d606cf1e4cee,c2e76a99-a46b-482d-8183-ff7a1cdd4e33,,12,,,,,,,,,,,,Weekly Winners,21004ed7-7e8d-49e0-b87c-5f09a3edb77a,10.0,1700000.0,186840
2026-08-20 22:41:21 UTC,58,a2b3ac98-ae6b-41df-a53f-038101c468fa,Rome,Odunze,CHI,WR,a6bd5a8f-575b-49b1-a4bd-c8465e7eee8f,30f8dc05-9453-4079-9355-e65efe1fd998,,12,,,,,,,,,,,,Weekly Winners,21004ed7-7e8d-49e0-b87c-5f09a3edb77a,10.0,1700000.0,186840
2026-08-30 19:39:03 UTC,122,81d930f0-43c3-4ff4-9178-69cbc9abff7b,Jakobi,Meyers,JAX,WR,eda3ada1-c0f4-44f2-8c8a-b58e6236c317,aa85cd98-cccf-4089-86c5-2760b9a85957,,12,,,,,,,,,,,,Weekly Winners,21004ed7-7e8d-49e0-b87c-5f09a3edb77a,10.0,1700000.0,186840
2026-08-27 23:22:16 UTC,104,508a13e0-2f0b-4776-b31a-23b2709ef598,Jacory,Croskey-Merritt,WAS,RB,f3f6202f-a143-4f08-b8e3-b8866febb859,787ef363-c32b-4705-9f73-268550540b0a,,12,,,,,,,,,,,,Weekly Winners,21004ed7-7e8d-49e0-b87c-5f09a3edb77a,10.0,1700000.0,186840
2026-08-15 13:42:46 UTC,42,79d2e493-c4f0-42d9-b031-64b3a024c427,Luther,Burden,CHI,WR,06e038da-c58d-479f-80d8-1bc374719d01,75975984-b6d1-4c87-8278-a797757d43b3,,12,,,,,,,,,,,,Weekly Winners,21004ed7-7e8d-49e0-b87c-5f09a3edb77a,10.0,1700000.0,186840
2026-08-30 13:28:27 UTC,161,5178fc5c-62d8-44c3-aae4-b2ea5bcb23c4,Tyjae,Spears,TEN,RB,b91a01c3-635c-4512-b6a6-1f8b5010fac6,4cfea67b-a4bf-450b-8205-c4f5f3c4d2bc,,12,,,,,,,,,,,,Weekly Winners,21004ed7-7e8d-49e0-b87c-5f09a3edb77a,10.0,1700000.0,186840
2026-08-15 14:01:52 UTC,186,a8fbedf7-1932-4c2a-a816-3e94d9974ceb,Jacoby,Brissett,ARI,QB,06e038da-c58d-479f-80d8-1bc374719d01,75975984-b6d1-4c87-8278-a797757d43b3,,12,,,,,,,,,,,,Weekly Winners,21004ed7-7e8d-49e0-b87c-5f09a3edb77a,10.0,1700000.0,186840
2026-08-29 01:07:44 UTC,144,ae435552-2e13-4298-a2cd-d89abfb69e47,Aaron,Jones,MIN,RB,c35db5be-c1bd-4a6b-826b-702666f4e206,2d1e432b-7776-4af2-98fd-1dbe3fccdb5b,,12,,,,,,,,,,,,Weekly Winners,21004ed7-7e8d-49e0-b87c-5f09a3edb77a,10.0,1700000.0,186840
2026-08-21 19:47:21 UTC,61,a2b3ac98-ae6b-41df-a53f-038101c468fa,Rome,Odunze,CHI,WR,f0e29ddc-0450-48fd-891f-e863af391747,f1fe43cd-20e2-4cc3-a7e9-061f64cdb969,,12,,,,,,,,,,,,Weekly Winners,21004ed7-7e8d-49e0-b87c-5f09a3edb77a,10.0,1700000.0,186840
2026-08-16 02:09:32 UTC,8,e5db8e94-c155-4482-a7b3-56ede67d35e7,James,Cook,BUF,RB,9cf848ab-2f6e-4717-aaf1-037f4bc9d791,c1fdeff4-8673-4e48-a31d-3fa665c6e977,,12,,,,,,,,,,,,Weekly Winners,21004ed7-7e8d-49e0-b87c-5f09a3edb77a,10.0,1700000.0,186840
2026-08-18 00:52:01 UTC,41,e738ab47-cd7d-4ea8-8d53-4f354c9907d6,Travis,Etienne Jr.,NO,RB,b91a01c3-635c-4512-b6a6-1f8b5010fac6,4cfea67b-a4bf-450b-8205-c4f5f3c4d2bc,,12,,,,,,,,,,,,Weekly Winners,21004ed7-7e8d-49e0-b87c-5f09a3edb77a,10.0,1700000.0,186840
2026-08-27 02:15:49 UTC,90,37a5b1dc-d189-4cb0-9f28-9f9dbf16e8a2,Makai,Lemon,PHI,WR,a3f3d3b9-2a15-4440-bb4d-31e6b98fbb17,63867e8e-c985-4686-a083-369578c2c1c1,,12,,,,,,,,,,,,Weekly Winners,21004ed7-7e8d-49e0-b87c-5f09a3edb77a,10.0,1700000.0,186840
2026-08-20 16:43:03 UTC,47,e5a52e43-fbea-45dc-8660-96ee36bf08b0,D.J.,Moore,BUF,WR,c327bc1b-e0bf-465e-8173-d606cf1e4cee,c2e76a99-a46b-482d-8183-ff7a1cdd4e33,,12,,,,,,,,,,,,Weekly Winners,21004ed7-7e8d-49e0-b87c-5f09a3edb77a,10.0,1700000.0,186840
2026-08-28 06:09:56 UTC,126,ae435552-2e13-4298-a2cd-d89abfb69e47,Aaron,Jones,MIN,RB,fc77e175-bb99-4386-92dd-1b6f49ad2fc2,62d32b5d-bcc2-48d2-acf7-71dd208fbb6e,,12,,,,,,,,,,,,Weekly Winners,21004ed7-7e8d-49e0-b87c-5f09a3edb77a,10.0,1700000.0,186840
2026-08-22 01:20:14 UTC,56,b3ab90c9-8a19-482f-a860-d559344207d9,TreVeyon,Henderson,NE,RB,9cf848ab-2f6e-4717-aaf1-037f4bc9d791,c1fdeff4-8673-4e48-a31d-3fa665c6e977,,12,,,,,,,,,,,,Weekly Winners,21004ed7-7e8d-49e0-b87c-5f09a3edb77a,10.0,1700000.0,186840
2026-09-03 21:39:38 UTC,196,b4d2cdc6-fd4e-4dbe-a2b6-b9290cad4577,Cam,Ward,TEN,QB,8f31166e-cb06-433f-a44c-c2e59eba3657,e62f07af-23cc-4dc1-9e56-c52a5ffc7507,,12,,,,,,,,,,,,Weekly Winners,21004ed7-7e8d-49e0-b87c-5f09a3edb77a,10.0,1700000.0,186840
2026-09-05 01:56:24 UTC,215,47505381-2203-4fbd-a786-06ab1be2d360,Evan,Engram,DEN,TE,eda3ada1-c0f4-44f2-8c8a-b58e6236c317,aa85cd98-cccf-4089-86c5-2760b9a85957,,12,,,,,,,,,,,,Weekly Winners,21004ed7-7e8d-49e0-b87c-5f09a3edb77a,10.0,1700000.0,186840
2026-09-03 03:27:25 UTC,198,84b4c561-378c-4e11-8abb-b0fc4d244444,Greg,Dulcich,MIA,TE,fc77e175-bb99-4386-92dd-1b6f49ad2fc2,62d32b5d-bcc2-48d2-acf7-71dd208fbb6e,,12,,,,,,,,,,,,Weekly Winners,21004ed7-7e8d-49e0-b87c-5f09a3edb77a,10.0,1700000.0,186840
2026-09-03 19:55:50 UTC,209,4d0ea6e9-21fc-4b6f-a5f8-8552719208a7,Darren,Waller,CAR,TE,b91a01c3-635c-4512-b6a6-1f8b5010fac6,4cfea67b-a4bf-450b-8205-c4f5f3c4d2bc,,12,,,,,,,,,,,,Weekly Winners,21004ed7-7e8d-49e0-b87c-5f09a3edb77a,10.0,1700000.0,186840
2026-09-01 11:45:33 UTC,156,2d48737a-7b1b-472a-933a-35f273d52ce7,Tre,Tucker,LV,WR,f0e29ddc-0450-48fd-891f-e863af391747,f1fe43cd-20e2-4cc3-a7e9-061f64cdb969,,12,,,,,,,,,,,,Weekly Winners,21004ed7-7e8d-49e0-b87c-5f09a3edb77a,10.0,1700000.0,186840
2026-08-26 20:23:15 UTC,96,48b2ca63-8ba9-4b9a-b7af-bbef17c89846,Harold,Fannin,CLE,TE,b06d443b-af79-4d72-84a4-22cc5097c7ae,f347ff6e-740b-464c-a486-c2b2e498048e,,12,,,,,,,,,,,,Weekly Winners,21004ed7-7e8d-49e0-b87c-5f09a3edb77a,10.0,1700000.0,186840
2026-09-01 11:44:36 UTC,175,93fd83a8-7e46-48bf-8be2-471de5db1168,AJ,Barner,SEA,TE,ba20d4c8-5e70-4dba-80f8-6abfaeb686f2,d41bc161-391d-4d60-b31b-ccf94f4a5a17,,12,,,,,,,,,,,,Weekly Winners,21004ed7-7e8d-49e0-b87c-5f09a3edb77a,10.0,1700000.0,186840
2026-08-31 23:31:04 UTC,193,e106903e-7948-49f8-a1d8-ab2543dfbce4,Kenyon,Sadiq,NYJ,TE,db5a8d42-3860-4852-8b95-ca4e036f3729,6ced09a2-506f-4242-8ffa-357610eaa031,,12,,,,,,,,,,,,Weekly Winners,21004ed7-7e8d-49e0-b87c-5f09a3edb77a,10.0,1700000.0,186840
2026-08-27 23:21:43 UTC,98,bed70478-90ee-4913-9e41-82d66fca48df,J.K.,Dobbins,DEN,RB,eda3ada1-c0f4-44f2-8c8a-b58e6236c317,aa85cd98-cccf-4089-86c5-2760b9a85957,,12,,,,,,,,,,,,Weekly Winners,21004ed7-7e8d-49e0-b87c-5f09a3edb77a,10.0,1700000.0,186840
2026-08-29 01:10:37 UTC,131,73ebdcb4-cfde-4afa-819d-acfa74f688f9,Jalen,Coker,CAR,WR,b0c8cc57-d2fe-4573-aa7a-62317ebba563,4425e129-178d-41c3-9701-68bed5649054,,12,,,,,,,,,,,,Weekly Winners,21004ed7-7e8d-49e0-b87c-5f09a3edb77a,10.0,1700000.0,186840
2026-08-17 19:28:30 UTC,21,dc7613e2-f553-47c1-b269-06d6975b73c8,Omarion,Hampton,LAC,RB,8f31166e-cb06-433f-a44c-c2e59eba3657,e62f07af-23cc-4dc1-9e56-c52a5ffc7507,,12,,,,,,,,,,,,Weekly Winners,21004ed7-7e8d-49e0-b87c-5f09a3edb77a,10.0,1700000.0,186840
2026-08-23 22:57:47 UTC,66,e27c7606-ed10-46b8-8c5c-3bbcd68efacf,Tyler,Warren,IND,TE,a3f3d3b9-2a15-4440-bb4d-31e6b98fbb17,63867e8e-c985-4686-a083-369578c2c1c1,,12,,,,,,,,,,,,Weekly Winners,21004ed7-7e8d-49e0-b87c-5f09a3edb77a,10.0,1700000.0,186840
2026-08-30 21:58:18 UTC,169,7fa13faa-8a24-446a-b564-8486373c23fb,Kayshon,Boutte,HOU,WR,c35db5be-c1bd-4a6b-826b-702666f4e206,2d1e432b-7776-4af2-98fd-1dbe3fccdb5b,,12,,,,,,,,,,,,Weekly Winners,21004ed7-7e8d-49e0-b87c-5f09a3edb77a,10.0,1700000.0,186840
2026-08-31 11:22:15 UTC,178,671f8c9c-28b3-4dbd-87d2-13c2a9a5c963,Tyrone,Tracy,NYG,RB,a6bd5a8f-575b-49b1-a4bd-c8465e7eee8f,30f8dc05-9453-4079-9355-e65efe1fd998,,12,,,,,,,,,,,,Weekly Winners,21004ed7-7e8d-49e0-b87c-5f09a3edb77a,10.0,1700000.0,186840
2026-08-17 11:41:12 UTC,24,a45b628e-ad6f-4b02-9132-1465cd726085,Malik,Nabers,NYG,WR,c35db5be-c1bd-4a6b-826b-702666f4e206,2d1e432b-7776-4af2-98fd-1dbe3fccdb5b,,12,,,,,,,,,,,,Weekly Winners,21004ed7-7e8d-49e0-b87c-5f09a3edb77a,10.0,1700000.0,186840
2026-08-27 00:10:02 UTC,107,94648f1f-e9bf-46c4-a463-40f8c50f6d39,Xavier,Worthy,KC,WR,b0c8cc57-d2fe-4573-aa7a-62317ebba563,4425e129-178d-41c3-9701-68bed5649054,,12,,,,,,,,,,,,Weekly Winners,21004ed7-7e8d-49e0-b87c-5f09a3edb77a,10.0,1700000.0,186840
2026-09-03 19:55:04 UTC,189,2fe40be1-ba6c-4d08-bf42-3e6c71c66f26,Cade,Otton,TB,TE,8f31166e-cb06-433f-a44c-c2e59eba3657,e62f07af-23cc-4dc1-9e56-c52a5ffc7507,,12,,,,,,,,,,,,Weekly Winners,21004ed7-7e8d-49e0-b87c-5f09a3edb77a,10.0,1700000.0,186840
2026-08-15 14:05:32 UTC,2,8586cc92-b63c-4717-9255-18adba9d1cbc,Ja'Marr,Chase,CIN,WR,eda3ada1-c0f4-44f2-8c8a-b58e6236c317,aa85cd98-cccf-4089-86c5-2760b9a85957,,12,,,,,,,,,,,,Weekly Winners,21004ed7-7e8d-49e0-b87c-5f09a3edb77a,10.0,1700000.0,186840
2026-08-30 00:47:57 UTC,125,87d78dd0-9776-4a87-ad7b-97d74c5b746f,Travis,Kelce,KC,TE,ba39ca1f-03a4-41f9-bebe-e72bfe88f5bd,6835ce50-c3fb-490c-8a81-678475af8ccc,,12,,,,,,,,,,,,Weekly Winners,21004ed7-7e8d-49e0-b87c-5f09a3edb77a,10.0,1700000.0,186840
2026-09-01 11:43:49 UTC,174,198cd200-9229-4072-8a7f-2085b0b829c9,Tre',Harris,LAC,WR,fc77e175-bb99-4386-92dd-1b6f49ad2fc2,62d32b5d-bcc2-48d2-acf7-71dd208fbb6e,,12,,,,,,,,,,,,Weekly Winners,21004ed7-7e8d-49e0-b87c-5f09a3edb77a,10.0,1700000.0,186840
2026-08-22 00:12:24 UTC,80,49fed2ad-e746-48a2-a01f-6f786d08f5de,Michael,Wilson,ARI,WR,b91a01c3-635c-4512-b6a6-1f8b5010fac6,4cfea67b-a4bf-450b-8205-c4f5f3c4d2bc,,12,,,,,,,,,,,,Weekly Winners,21004ed7-7e8d-49e0-b87c-5f09a3edb77a,10.0,1700000.0,186840
2026-09-03 15:31:11 UTC,188,305231d5-5d6d-42d4-90cf-981d25d5b8d0,Omar,Cooper,NYJ,WR,ba39ca1f-03a4-41f9-bebe-e72bfe88f5bd,6835ce50-c3fb-490c-8a81-678475af8ccc,,12,,,,,,,,,,,,Weekly Winners,21004ed7-7e8d-49e0-b87c-5f09a3edb77a,10.0,1700000.0,186840
2026-09-02 22:52:15 UTC,216,82917eb8-37db-485d-aa82-1876cd760a37,Jaydon,Blue,PHI,RB,db5a8d42-3860-4852-8b95-ca4e036f3729,6ced09a2-506f-4242-8ffa-357610eaa031,,12,,,,,,,,,,,,Weekly Winners,21004ed7-7e8d-49e0-b87c-5f09a3edb77a,10.0,1700000.0,186840
2026-08-19 11:20:23 UTC,56,bfd27590-6864-49ad-a2e4-b6a0985b28a0,Lamar,Jackson,BAL,QB,b91a01c3-635c-4512-b6a6-1f8b5010fac6,4cfea67b-a4bf-450b-8205-c4f5f3c4d2bc,,12,,,,,,,,,,,,Weekly Winners,21004ed7-7e8d-49e0-b87c-5f09a3edb77a,10.0,1700000.0,186840
2026-09-02 23:05:54 UTC,173,93fd83a8-7e46-48bf-8be2-471de5db1168,AJ,Barner,SEA,TE,d9fa7589-33f9-420c-b425-ce6fc9ecb810,978217e2-8cf4-4eb6-8fcd-58efeec456bc,,12,,,,,,,,,,,,Weekly Winners,21004ed7-7e8d-49e0-b87c-5f09a3edb77a,10.0,1700000.0,186840
2026-08-23 22:57:15 UTC,83,242cd996-d460-45c7-97a6-dacf1cbcf310,Jayden,Daniels,WAS,QB,b0c8cc57-d2fe-4573-aa7a-62317ebba563,4425e129-178d-41c3-9701-68bed5649054,,12,,,,,,,,,,,,Weekly Winners,21004ed7-7e8d-49e0-b87c-5f09a3edb77a,10.0,1700000.0,186840
2026-08-31 22:22:28 UTC,144,da9f6a13-7a56-40a2-bd21-dc9486cbfa05,Travis,Hunter,JAX,WR,b06d443b-af79-4d72-84a4-22cc5097c7ae,f347ff6e-740b-464c-a486-c2b2e498048e,,12,,,,,,,,,,,,Weekly Winners,21004ed7-7e8d-49e0-b87c-5f09a3edb77a,10.0,1700000.0,186840
2026-08-30 20:56:31 UTC,140,0b903bf2-bf13-4c61-9c10-f02fdada5488,Jake,Ferguson,DAL,TE,ba39ca1f-03a4-41f9-bebe-e72bfe88f5bd,6835ce50-c3fb-490c-8a81-678475af8ccc,,12,,,,,,,,,,,,Weekly Winners,21004ed7-7e8d-49e0-b87c-5f09a3edb77a,10.0,1700000.0,186840
2026-09-03 19:56:32 UTC,176,7fa13faa-8a24-446a-b564-8486373c23fb,Kayshon,Boutte,HOU,WR,c60fd17d-0bdb-4ee7-be40-d1bcffbb5c1e,5befaed3-da4c-4bdf-862a-78f5f08dafb1,,12,,,,,,,,,,,,Weekly Winners,21004ed7-7e8d-49e0-b87c-5f09a3edb77a,10.0,1700000.0,186840
2026-08-24 12:40:15 UTC,71,431b04bc-a58e-41ef-ae50-258d1036748f,Jaylen,Warren,PIT,RB,eda3ada1-c0f4-44f2-8c8a-b58e6236c317,aa85cd98-cccf-4089-86c5-2760b9a85957,,12,,,,,,,,,,,,Weekly Winners,21004ed7-7e8d-49e0-b87c-5f09a3edb77a,10.0,1700000.0,186840
2026-09-03 12:41:44 UTC,216,11f10c5d-dff7-4375-a45b-2a749d359fbd,Aaron,Rodgers,PIT,QB,c35db5be-c1bd-4a6b-826b-702666f4e206,2d1e432b-7776-4af2-98fd-1dbe3fccdb5b,,12,,,,,,,,,,,,Weekly Winners,21004ed7-7e8d-49e0-b87c-5f09a3edb77a,10.0,1700000.0,186840
2026-08-30 20:02:29 UTC,158,78ea9030-4abe-4584-898b-57844ecafd18,Denzel,Boston,CLE,WR,b0c8cc57-d2fe-4573-aa7a-62317ebba563,4425e129-178d-41c3-9701-68bed5649054,,12,,,,,,,,,,,,Weekly Winners,21004ed7-7e8d-49e0-b87c-5f09a3edb77a,10.0,1700000.0,186840
2026-09-03 19:57:27 UTC,204,49dd2d8a-d21d-4757-a2d8-05e5e3f39d2d,Bryce,Young,CAR,QB,f0e29ddc-0450-48fd-891f-e863af391747,f1fe43cd-20e2-4cc3-a7e9-061f64cdb969,,12,,,,,,,,,,,,Weekly Winners,21004ed7-7e8d-49e0-b87c-5f09a3edb77a,10.0,1700000.0,186840
2026-08-29 02:09:14 UTC,134,0b903bf2-bf13-4c61-9c10-f02fdada5488,Jake,Ferguson,DAL,TE,b0c8cc57-d2fe-4573-aa7a-62317ebba563,4425e129-178d-41c3-9701-68bed5649054,,12,,,,,,,,,,,,Weekly Winners,21004ed7-7e8d-49e0-b87c-5f09a3edb77a,10.0,1700000.0,186840
2026-08-17 00:17:01 UTC,15,12164868-dfe2-4332-934b-46f94011d67d,Derrick,Henry,BAL,RB,a6bd5a8f-575b-49b1-a4bd-c8465e7eee8f,30f8dc05-9453-4079-9355-e65efe1fd998,,12,,,,,,,,,,,,Weekly Winners,21004ed7-7e8d-49e0-b87c-5f09a3edb77a,10.0,1700000.0,186840
2026-08-15 14:40:49 UTC,166,5c5dfc3f-3923-489b-b11a-e24c351a344f,Jonah,Coleman,DEN,RB,9fe1f2a8-d64b-4f85-a49f-6f35bf71c9bb,9e642807-05dd-4ebd-b516-150ea674c423,,12,,,,,,,,,,,,Weekly Winners,21004ed7-7e8d-49e0-b87c-5f09a3edb77a,10.0,1700000.0,186840
2026-08-20 22:45:07 UTC,50,eb00bfc9-0fdb-4181-9564-1515b2dd93d3,Cam,Skattebo,NYG,RB,c327bc1b-e0bf-465e-8173-d606cf1e4cee,c2e76a99-a46b-482d-8183-ff7a1cdd4e33,,12,,,,,,,,,,,,Weekly Winners,21004ed7-7e8d-49e0-b87c-5f09a3edb77a,10.0,1700000.0,186840
2026-09-02 00:01:14 UTC,164,103164fe-09fb-48fd-8936-86d748ab81fc,Zach,Charbonnet,SEA,RB,d9fa7589-33f9-420c-b425-ce6fc9ecb810,978217e2-8cf4-4eb6-8fcd-58efeec456bc,,12,,,,,,,,,,,,Weekly Winners,21004ed7-7e8d-49e0-b87c-5f09a3edb77a,10.0,1700000.0,186840
2026-08-25 21:19:56 UTC,77,573db744-9051-496f-9c1f-25ce0aee5002,Jonathon,Brooks,CAR,RB,d9fa7589-33f9-420c-b425-ce6fc9ecb810,978217e2-8cf4-4eb6-8fcd-58efeec456bc,,12,,,,,,,,,,,,Weekly Winners,21004ed7-7e8d-49e0-b87c-5f09a3edb77a,10.0,1700000.0,186840
2026-08-15 14:34:40 UTC,123,0b903bf2-bf13-4c61-9c10-f02fdada5488,Jake,Ferguson,DAL,TE,9fe1f2a8-d64b-4f85-a49f-6f35bf71c9bb,9e642807-05dd-4ebd-b516-150ea674c423,,12,,,,,,,,,,,,Weekly Winners,21004ed7-7e8d-49e0-b87c-5f09a3edb77a,10.0,1700000.0,186840
2026-08-27 22:05:21 UTC,95,6500be62-ea53-4aa9-baac-14d2d0b56d2e,Josh,Downs,IND,WR,eda3ada1-c0f4-44f2-8c8a-b58e6236c317,aa85cd98-cccf-4089-86c5-2760b9a85957,,12,,,,,,,,,,,,Weekly Winners,21004ed7-7e8d-49e0-b87c-5f09a3edb77a,10.0,1700000.0,186840
2026-08-26 21:06:39 UTC,89,2159602f-35b2-4bd7-91a3-2e4cf482cde1,Dak,Prescott,DAL,QB,9cf848ab-2f6e-4717-aaf1-037f4bc9d791,c1fdeff4-8673-4e48-a31d-3fa665c6e977,,12,,,,,,,,,,,,Weekly Winners,21004ed7-7e8d-49e0-b87c-5f09a3edb77a,10.0,1700000.0,186840
2026-09-03 18:17:25 UTC,197,49dd2d8a-d21d-4757-a2d8-05e5e3f39d2d,Bryce,Young,CAR,QB,ba39ca1f-03a4-41f9-bebe-e72bfe88f5bd,6835ce50-c3fb-490c-8a81-678475af8ccc,,12,,,,,,,,,,,,Weekly Winners,21004ed7-7e8d-49e0-b87c-5f09a3edb77a,10.0,1700000.0,186840
2026-08-16 18:14:40 UTC,10,262a83a9-64e4-4c2b-b0f9-bac4b9f2f341,CeeDee,Lamb,DAL,WR,a6bd5a8f-575b-49b1-a4bd-c8465e7eee8f,30f8dc05-9453-4079-9355-e65efe1fd998,,12,,,,,,,,,,,,Weekly Winners,21004ed7-7e8d-49e0-b87c-5f09a3edb77a,10.0,1700000.0,186840
2026-08-16 02:09:49 UTC,5,7c3bca66-1a06-4fa7-a113-af6075094545,Christian,McCaffrey,SF,RB,ba39ca1f-03a4-41f9-bebe-e72bfe88f5bd,6835ce50-c3fb-490c-8a81-678475af8ccc,,12,,,,,,,,,,,,Weekly Winners,21004ed7-7e8d-49e0-b87c-5f09a3edb77a,10.0,1700000.0,186840
2026-08-19 23:48:08 UTC,45,e1d04d6d-9632-4c43-b358-c88d298ca77b,Garrett,Wilson,NYJ,WR,8f31166e-cb06-433f-a44c-c2e59eba3657,e62f07af-23cc-4dc1-9e56-c52a5ffc7507,,12,,,,,,,,,,,,Weekly Winners,21004ed7-7e8d-49e0-b87c-5f09a3edb77a,10.0,1700000.0,186840
2026-09-04 00:50:15 UTC,214,66008e14-48b6-476c-b7c9-fc162e9ac5d1,Zachariah,Branch,ATL,WR,fbf1c565-b3d8-4d9c-a897-53a5b37f357c,08ab0d44-05f3-4df7-a415-9b14f2320d64,,12,,,,,,,,,,,,Weekly Winners,21004ed7-7e8d-49e0-b87c-5f09a3edb77a,10.0,1700000.0,186840
2026-08-17 16:09:41 UTC,22,e1a701cb-7fa1-402f-8344-4da7af9ccca6,George,Pickens,DAL,WR,fbf1c565-b3d8-4d9c-a897-53a5b37f357c,08ab0d44-05f3-4df7-a415-9b14f2320d64,,12,,,,,,,,,,,,Weekly Winners,21004ed7-7e8d-49e0-b87c-5f09a3edb77a,10.0,1700000.0,186840
2026-08-16 11:44:16 UTC,11,262a83a9-64e4-4c2b-b0f9-bac4b9f2f341,CeeDee,Lamb,DAL,WR,b0c8cc57-d2fe-4573-aa7a-62317ebba563,4425e129-178d-41c3-9701-68bed5649054,,12,,,,,,,,,,,,Weekly Winners,21004ed7-7e8d-49e0-b87c-5f09a3edb77a,10.0,1700000.0,186840
2026-09-02 23:05:11 UTC,162,03fb61e5-a26f-48b9-8f31-849e6da98fc1,Daniel,Jones,IND,QB,a3f3d3b9-2a15-4440-bb4d-31e6b98fbb17,63867e8e-c985-4686-a083-369578c2c1c1,,12,,,,,,,,,,,,Weekly Winners,21004ed7-7e8d-49e0-b87c-5f09a3edb77a,10.0,1700000.0,186840
2026-09-02 00:40:03 UTC,186,6384a255-40f5-4458-94d4-298e5e352557,Tank,Dell,HOU,WR,ba20d4c8-5e70-4dba-80f8-6abfaeb686f2,d41bc161-391d-4d60-b31b-ccf94f4a5a17,,12,,,,,,,,,,,,Weekly Winners,21004ed7-7e8d-49e0-b87c-5f09a3edb77a,10.0,1700000.0,186840
2026-08-27 00:29:05 UTC,97,9157584b-b4bc-4ad7-95cd-47a583f141bd,RJ,Harvey,DEN,RB,b06d443b-af79-4d72-84a4-22cc5097c7ae,f347ff6e-740b-464c-a486-c2b2e498048e,,12,,,,,,,,,,,,Weekly Winners,21004ed7-7e8d-49e0-b87c-5f09a3edb77a,10.0,1700000.0,186840
2026-09-01 18:23:03 UTC,185,6384a255-40f5-4458-94d4-298e5e352557,Tank,Dell,HOU,WR,b91a01c3-635c-4512-b6a6-1f8b5010fac6,4cfea67b-a4bf-450b-8205-c4f5f3c4d2bc,,12,,,,,,,,,,,,Weekly Winners,21004ed7-7e8d-49e0-b87c-5f09a3edb77a,10.0,1700000.0,186840
2026-08-20 16:43:35 UTC,52,b2c7d145-aa98-449e-9787-5d1d13a79345,Tetairoa,McMillan,CAR,WR,8f31166e-cb06-433f-a44c-c2e59eba3657,e62f07af-23cc-4dc1-9e56-c52a5ffc7507,,12,,,,,,,,,,,,Weekly Winners,21004ed7-7e8d-49e0-b87c-5f09a3edb77a,10.0,1700000.0,186840
2026-08-29 01:07:53 UTC,145,ec25c6ff-f64b-4eb2-9219-614baf6dc2c5,Sam,Darnold,SEA,QB,c35db5be-c1bd-4a6b-826b-702666f4e206,2d1e432b-7776-4af2-98fd-1dbe3fccdb5b,,12,,,,,,,,,,,,Weekly Winners,21004ed7-7e8d-49e0-b87c-5f09a3edb77a,10.0,1700000.0,186840
2026-09-04 01:42:45 UTC,193,ace07fec-47fa-41b0-8f67-900ca5261ed3,Oronde,Gadsden,LAC,TE,b06d443b-af79-4d72-84a4-22cc5097c7ae,f347ff6e-740b-464c-a486-c2b2e498048e,,12,,,,,,,,,,,,Weekly Winners,21004ed7-7e8d-49e0-b87c-5f09a3edb77a,10.0,1700000.0,186840
2026-08-15 14:33:39 UTC,118,b642379c-1ada-403e-adae-7bdc7fa4035a,Wan'Dale,Robinson,TEN,WR,9fe1f2a8-d64b-4f85-a49f-6f35bf71c9bb,9e642807-05dd-4ebd-b516-150ea674c423,,12,,,,,,,,,,,,Weekly Winners,21004ed7-7e8d-49e0-b87c-5f09a3edb77a,10.0,1700000.0,186840
2026-08-22 20:17:55 UTC,73,6053b9d0-35ae-42bf-8b7b-cc46e0020126,DK,Metcalf,PIT,WR,db5a8d42-3860-4852-8b95-ca4e036f3729,6ced09a2-506f-4242-8ffa-357610eaa031,,12,,,,,,,,,,,,Weekly Winners,21004ed7-7e8d-49e0-b87c-5f09a3edb77a,10.0,1700000.0,186840
2026-09-02 00:37:10 UTC,151,48cc11a5-4f63-4538-8c70-716442a581b1,Brenton,Strange,JAX,TE,a3f3d3b9-2a15-4440-bb4d-31e6b98fbb17,63867e8e-c985-4686-a083-369578c2c1c1,,12,,,,,,,,,,,,Weekly Winners,21004ed7-7e8d-49e0-b87c-5f09a3edb77a,10.0,1700000.0,186840
2026-08-29 22:41:36 UTC,133,73ebdcb4-cfde-4afa-819d-acfa74f688f9,Jalen,Coker,CAR,WR,f0e29ddc-0450-48fd-891f-e863af391747,f1fe43cd-20e2-4cc3-a7e9-061f64cdb969,,12,,,,,,,,,,,,Weekly Winners,21004ed7-7e8d-49e0-b87c-5f09a3edb77a,10.0,1700000.0,186840
2026-08-28 11:44:41 UTC,123,87d78dd0-9776-4a87-ad7b-97d74c5b746f,Travis,Kelce,KC,TE,fbf1c565-b3d8-4d9c-a897-53a5b37f357c,08ab0d44-05f3-4df7-a415-9b14f2320d64,,12,,,,,,,,,,,,Weekly Winners,21004ed7-7e8d-49e0-b87c-5f09a3edb77a,10.0,1700000.0,186840
2026-09-02 17:11:49 UTC,190,6384a255-40f5-4458-94d4-298e5e352557,Tank,Dell,HOU,WR,fbf1c565-b3d8-4d9c-a897-53a5b37f357c,08ab0d44-05f3-4df7-a415-9b14f2320d64,,12,,,,,,,,,,,,Weekly Winners,21004ed7-7e8d-49e0-b87c-5f09a3edb77a,10.0,1700000.0,186840
2026-08-18 23:21:00 UTC,31,9565f9b8-cce4-48d3-934b-4d7b1f1bdd54,Breece,Hall,NYJ,RB,ba20d4c8-5e70-4dba-80f8-6abfaeb686f2,d41bc161-391d-4d60-b31b-ccf94f4a5a17,,12,,,,,,,,,,,,Weekly Winners,21004ed7-7e8d-49e0-b87c-5f09a3edb77a,10.0,1700000.0,186840
2026-08-24 13:30:31 UTC,74,6053b9d0-35ae-42bf-8b7b-cc46e0020126,DK,Metcalf,PIT,WR,c327bc1b-e0bf-465e-8173-d606cf1e4cee,c2e76a99-a46b-482d-8183-ff7a1cdd4e33,,12,,,,,,,,,,,,Weekly Winners,21004ed7-7e8d-49e0-b87c-5f09a3edb77a,10.0,1700000.0,186840
2026-08-29 22:41:16 UTC,154,103164fe-09fb-48fd-8936-86d748ab81fc,Zach,Charbonnet,SEA,RB,a6bd5a8f-575b-49b1-a4bd-c8465e7eee8f,30f8dc05-9453-4079-9355-e65efe1fd998,,12,,,,,,,,,,,,Weekly Winners,21004ed7-7e8d-49e0-b87c-5f09a3edb77a,10.0,1700000.0,186840
2026-08-30 00:55:26 UTC,119,6cafce4c-eb3b-4058-a496-14a70a2e795f,Isaiah,Likely,NYG,TE,c327bc1b-e0bf-465e-8173-d606cf1e4cee,c2e76a99-a46b-482d-8183-ff7a1cdd4e33,,12,,,,,,,,,,,,Weekly Winners,21004ed7-7e8d-49e0-b87c-5f09a3edb77a,10.0,1700000.0,186840
2026-09-03 19:57:31 UTC,205,ace07fec-47fa-41b0-8f67-900ca5261ed3,Oronde,Gadsden,LAC,TE,f0e29ddc-0450-48fd-891f-e863af391747,f1fe43cd-20e2-4cc3-a7e9-061f64cdb969,,12,,,,,,,,,,,,Weekly Winners,21004ed7-7e8d-49e0-b87c-5f09a3edb77a,10.0,1700000.0,186840
2026-08-30 19:39:42 UTC,141,3a43ee64-1e4b-489e-ad8b-066c22af1335,Juwan,Johnson,NO,TE,8f31166e-cb06-433f-a44c-c2e59eba3657,e62f07af-23cc-4dc1-9e56-c52a5ffc7507,,12,,,,,,,,,,,,Weekly Winners,21004ed7-7e8d-49e0-b87c-5f09a3edb77a,10.0,1700000.0,186840
2026-08-28 20:20:01 UTC,103,0823d4a8-011a-4606-9b58-558da9e81853,Alec,Pierce,IND,WR,a3f3d3b9-2a15-4440-bb4d-31e6b98fbb17,63867e8e-c985-4686-a083-369578c2c1c1,,12,,,,,,,,,,,,Weekly Winners,21004ed7-7e8d-49e0-b87c-5f09a3edb77a,10.0,1700000.0,186840
2026-08-30 19:39:29 UTC,137,364773ee-cb8b-4eb6-a06f-b683d3ebd403,Chig,Okonkwo,WAS,TE,f3f6202f-a143-4f08-b8e3-b8866febb859,787ef363-c32b-4705-9f73-268550540b0a,,12,,,,,,,,,,,,Weekly Winners,21004ed7-7e8d-49e0-b87c-5f09a3edb77a,10.0,1700000.0,186840
2026-08-25 21:20:57 UTC,113,6cafce4c-eb3b-4058-a496-14a70a2e795f,Isaiah,Likely,NYG,TE,b91a01c3-635c-4512-b6a6-1f8b5010fac6,4cfea67b-a4bf-450b-8205-c4f5f3c4d2bc,,12,,,,,,,,,,,,Weekly Winners,21004ed7-7e8d-49e0-b87c-5f09a3edb77a,10.0,1700000.0,186840
2026-08-29 16:59:17 UTC,152,03fb61e5-a26f-48b9-8f31-849e6da98fc1,Daniel,Jones,IND,QB,b91a01c3-635c-4512-b6a6-1f8b5010fac6,4cfea67b-a4bf-450b-8205-c4f5f3c4d2bc,,12,,,,,,,,,,,,Weekly Winners,21004ed7-7e8d-49e0-b87c-5f09a3edb77a,10.0,1700000.0,186840
2026-08-15 19:02:48 UTC,6,5005a8f8-1490-4291-a0f5-7901660f6946,Amon-Ra,St. Brown,DET,WR,fc77e175-bb99-4386-92dd-1b6f49ad2fc2,62d32b5d-bcc2-48d2-acf7-71dd208fbb6e,,12,,,,,,,,,,,,Weekly Winners,21004ed7-7e8d-49e0-b87c-5f09a3edb77a,10.0,1700000.0,186840
2026-09-03 15:00:04 UTC,200,84b4c561-378c-4e11-8abb-b0fc4d244444,Greg,Dulcich,MIA,TE,f3f6202f-a143-4f08-b8e3-b8866febb859,787ef363-c32b-4705-9f73-268550540b0a,,12,,,,,,,,,,,,Weekly Winners,21004ed7-7e8d-49e0-b87c-5f09a3edb77a,10.0,1700000.0,186840
2026-08-30 19:39:58 UTC,155,7a1f8039-eefe-40b6-b957-44b81f470b68,Jalen,McMillan,TB,WR,b0c8cc57-d2fe-4573-aa7a-62317ebba563,4425e129-178d-41c3-9701-68bed5649054,,12,,,,,,,,,,,,Weekly Winners,21004ed7-7e8d-49e0-b87c-5f09a3edb77a,10.0,1700000.0,186840
2026-08-27 10:58:41 UTC,120,b642379c-1ada-403e-adae-7bdc7fa4035a,Wan'Dale,Robinson,TEN,WR,db5a8d42-3860-4852-8b95-ca4e036f3729,6ced09a2-506f-4242-8ffa-357610eaa031,,12,,,,,,,,,,,,Weekly Winners,21004ed7-7e8d-49e0-b87c-5f09a3edb77a,10.0,1700000.0,186840
2026-08-24 18:03:02 UTC,84,f8d8780e-0e04-4ea0-8343-f529e4bb1593,Sam,LaPorta,DET,TE,f0e29ddc-0450-48fd-891f-e863af391747,f1fe43cd-20e2-4cc3-a7e9-061f64cdb969,,12,,,,,,,,,,,,Weekly Winners,21004ed7-7e8d-49e0-b87c-5f09a3edb77a,10.0,1700000.0,186840
2026-08-29 21:41:12 UTC,128,4d732c25-cc14-4430-80d2-005728420cd4,Jordan,Love,GB,QB,9cf848ab-2f6e-4717-aaf1-037f4bc9d791,c1fdeff4-8673-4e48-a31d-3fa665c6e977,,12,,,,,,,,,,,,Weekly Winners,21004ed7-7e8d-49e0-b87c-5f09a3edb77a,10.0,1700000.0,186840
2026-08-29 01:05:46 UTC,113,e0303f62-28fb-49ab-9f36-12395298772d,Romeo,Doubs,NE,WR,f3f6202f-a143-4f08-b8e3-b8866febb859,787ef363-c32b-4705-9f73-268550540b0a,,12,,,,,,,,,,,,Weekly Winners,21004ed7-7e8d-49e0-b87c-5f09a3edb77a,10.0,1700000.0,186840
2026-09-02 01:09:08 UTC,146,48cc11a5-4f63-4538-8c70-716442a581b1,Brenton,Strange,JAX,TE,eda3ada1-c0f4-44f2-8c8a-b58e6236c317,aa85cd98-cccf-4089-86c5-2760b9a85957,,12,,,,,,,,,,,,Weekly Winners,21004ed7-7e8d-49e0-b87c-5f09a3edb77a,10.0,1700000.0,186840
2026-08-17 11:40:13 UTC,18,2021e119-e654-4752-82cf-37d1aba63032,De'Von,Achane,MIA,RB,a3f3d3b9-2a15-4440-bb4d-31e6b98fbb17,63867e8e-c985-4686-a083-369578c2c1c1,,12,,,,,,,,,,,,Weekly Winners,21004ed7-7e8d-49e0-b87c-5f09a3edb77a,10.0,1700000.0,186840
2026-09-02 01:10:00 UTC,176,93fd83a8-7e46-48bf-8be2-471de5db1168,AJ,Barner,SEA,TE,f3f6202f-a143-4f08-b8e3-b8866febb859,787ef363-c32b-4705-9f73-268550540b0a,,12,,,,,,,,,,,,Weekly Winners,21004ed7-7e8d-49e0-b87c-5f09a3edb77a,10.0,1700000.0,186840
2026-08-25 01:13:34 UTC,97,7f17709b-ff91-4261-be24-4d95644cb7c8,Kyle,Monangai,CHI,RB,db5a8d42-3860-4852-8b95-ca4e036f3729,6ced09a2-506f-4242-8ffa-357610eaa031,,12,,,,,,,,,,,,Weekly Winners,21004ed7-7e8d-49e0-b87c-5f09a3edb77a,10.0,1700000.0,186840
2026-09-03 18:33:46 UTC,211,49dd2d8a-d21d-4757-a2d8-05e5e3f39d2d,Bryce,Young,CAR,QB,fc77e175-bb99-4386-92dd-1b6f49ad2fc2,62d32b5d-bcc2-48d2-acf7-71dd208fbb6e,,12,,,,,,,,,,,,Weekly Winners,21004ed7-7e8d-49e0-b87c-5f09a3edb77a,10.0,1700000.0,186840
2026-08-29 01:08:54 UTC,138,c0e6454a-fe4a-4a61-98c1-f91a9bb525a8,Tyler,Shough,NO,QB,ba20d4c8-5e70-4dba-80f8-6abfaeb686f2,d41bc161-391d-4d60-b31b-ccf94f4a5a17,,12,,,,,,,,,,,,Weekly Winners,21004ed7-7e8d-49e0-b87c-5f09a3edb77a,10.0,1700000.0,186840
2026-08-22 21:13:37 UTC,70,242cd996-d460-45c7-97a6-dacf1cbcf310,Jayden,Daniels,WAS,QB,fbf1c565-b3d8-4d9c-a897-53a5b37f357c,08ab0d44-05f3-4df7-a415-9b14f2320d64,,12,,,,,,,,,,,,Weekly Winners,21004ed7-7e8d-49e0-b87c-5f09a3edb77a,10.0,1700000.0,186840
2026-08-21 01:46:58 UTC,53,cb3a76ab-baf2-49c2-9fe2-444a1ec49398,Terry,McLaurin,WAS,WR,ba39ca1f-03a4-41f9-bebe-e72bfe88f5bd,6835ce50-c3fb-490c-8a81-678475af8ccc,,12,,,,,,,,,,,,Weekly Winners,21004ed7-7e8d-49e0-b87c-5f09a3edb77a,10.0,1700000.0,186840
2026-08-31 16:16:18 UTC,183,ace07fec-47fa-41b0-8f67-900ca5261ed3,Oronde,Gadsden,LAC,TE,a6bd5a8f-575b-49b1-a4bd-c8465e7eee8f,30f8dc05-9453-4079-9355-e65efe1fd998,,12,,,,,,,,,,,,Weekly Winners,21004ed7-7e8d-49e0-b87c-5f09a3edb77a,10.0,1700000.0,186840
2026-08-19 18:55:48 UTC,42,e1d04d6d-9632-4c43-b358-c88d298ca77b,Garrett,Wilson,NYJ,WR,ba20d4c8-5e70-4dba-80f8-6abfaeb686f2,d41bc161-391d-4d60-b31b-ccf94f4a5a17,,12,,,,,,,,,,,,Weekly Winners,21004ed7-7e8d-49e0-b87c-5f09a3edb77a,10.0,1700000.0,186840
2026-08-15 14:41:46 UTC,171,b4d2cdc6-fd4e-4dbe-a2b6-b9290cad4577,Cam,Ward,TEN,QB,9fe1f2a8-d64b-4f85-a49f-6f35bf71c9bb,9e642807-05dd-4ebd-b516-150ea674c423,,12,,,,,,,,,,,,Weekly Winners,21004ed7-7e8d-49e0-b87c-5f09a3edb77a,10.0,1700000.0,186840
2026-08-17 00:19:23 UTC,17,0a69ed5c-79bd-4af9-8420-8d716cabf31f,A.J.,Brown,NE,WR,c60fd17d-0bdb-4ee7-be40-d1bcffbb5c1e,5befaed3-da4c-4bdf-862a-78f5f08dafb1,,12,,,,,,,,,,,,Weekly Winners,21004ed7-7e8d-49e0-b87c-5f09a3edb77a,10.0,1700000.0,186840
2026-08-30 23:16:56 UTC,140,2bb9ba7d-6b3c-4e0f-b86f-71a6f2f005a1,Mark,Andrews,BAL,TE,d9fa7589-33f9-420c-b425-ce6fc9ecb810,978217e2-8cf4-4eb6-8fcd-58efeec456bc,,12,,,,,,,,,,,,Weekly Winners,21004ed7-7e8d-49e0-b87c-5f09a3edb77a,10.0,1700000.0,186840
2026-09-02 23:06:09 UTC,199,ace07fec-47fa-41b0-8f67-900ca5261ed3,Oronde,Gadsden,LAC,TE,ba20d4c8-5e70-4dba-80f8-6abfaeb686f2,d41bc161-391d-4d60-b31b-ccf94f4a5a17,,12,,,,,,,,,,,,Weekly Winners,21004ed7-7e8d-49e0-b87c-5f09a3edb77a,10.0,1700000.0,186840
2026-08-25 12:47:44 UTC,106,508a13e0-2f0b-4776-b31a-23b2709ef598,Jacory,Croskey-Merritt,WAS,RB,a6bd5a8f-575b-49b1-a4bd-c8465e7eee8f,30f8dc05-9453-4079-9355-e65efe1fd998,,12,,,,,,,,,,,,Weekly Winners,21004ed7-7e8d-49e0-b87c-5f09a3edb77a,10.0,1700000.0,186840
2026-08-30 19:57:55 UTC,169,93fd83a8-7e46-48bf-8be2-471de5db1168,AJ,Barner,SEA,TE,db5a8d42-3860-4852-8b95-ca4e036f3729,6ced09a2-506f-4242-8ffa-357610eaa031,,12,,,,,,,,,,,,Weekly Winners,21004ed7-7e8d-49e0-b87c-5f09a3edb77a,10.0,1700000.0,186840
2026-09-03 15:00:07 UTC,170,7cb79eec-f460-458d-b97e-27304513504e,T.J.,Hockenson,MIN,TE,c327bc1b-e0bf-465e-8173-d606cf1e4cee,c2e76a99-a46b-482d-8183-ff7a1cdd4e33,,12,,,,,,,,,,,,Weekly Winners,21004ed7-7e8d-49e0-b87c-5f09a3edb77a,10.0,1700000.0,186840
2026-09-01 18:25:01 UTC,193,b4d2cdc6-fd4e-4dbe-a2b6-b9290cad4577,Cam,Ward,TEN,QB,c35db5be-c1bd-4a6b-826b-702666f4e206,2d1e432b-7776-4af2-98fd-1dbe3fccdb5b,,12,,,,,,,,,,,,Weekly Winners,21004ed7-7e8d-49e0-b87c-5f09a3edb77a,10.0,1700000.0,186840
2026-08-26 11:40:30 UTC,89,37a5b1dc-d189-4cb0-9f28-9f9dbf16e8a2,Makai,Lemon,PHI,WR,f3f6202f-a143-4f08-b8e3-b8866febb859,787ef363-c32b-4705-9f73-268550540b0a,,12,,,,,,,,,,,,Weekly Winners,21004ed7-7e8d-49e0-b87c-5f09a3edb77a,10.0,1700000.0,186840
2026-09-03 03:31:43 UTC,216,b7ef8750-02f1-4708-a168-80923df185a7,Charlie,Kolar,LAC,TE,8e3a3895-359c-4736-87ed-3c327adca338,d28f1914-0bd5-45f4-add2-df3d1c5e983b,,12,,,,,,,,,,,,Weekly Winners,21004ed7-7e8d-49e0-b87c-5f09a3edb77a,10.0,1700000.0,186840
2026-09-03 11:39:33 UTC,167,671f8c9c-28b3-4dbd-87d2-13c2a9a5c963,Tyrone,Tracy,NYG,RB,c327bc1b-e0bf-465e-8173-d606cf1e4cee,c2e76a99-a46b-482d-8183-ff7a1cdd4e33,,12,,,,,,,,,,,,Weekly Winners,21004ed7-7e8d-49e0-b87c-5f09a3edb77a,10.0,1700000.0,186840
2026-08-15 13:44:29 UTC,55,abad0ce9-c685-48c9-b8db-ddbab63f73ee,Jameson,Williams,DET,WR,06e038da-c58d-479f-80d8-1bc374719d01,75975984-b6d1-4c87-8278-a797757d43b3,,12,,,,,,,,,,,,Weekly Winners,21004ed7-7e8d-49e0-b87c-5f09a3edb77a,10.0,1700000.0,186840
2026-08-30 17:23:45 UTC,119,39e57bd8-abe5-4401-be29-d9eeee732c74,Rachaad,White,WAS,RB,eda3ada1-c0f4-44f2-8c8a-b58e6236c317,aa85cd98-cccf-4089-86c5-2760b9a85957,,12,,,,,,,,,,,,Weekly Winners,21004ed7-7e8d-49e0-b87c-5f09a3edb77a,10.0,1700000.0,186840
2026-09-02 15:57:28 UTC,172,a03bea6a-e0db-47ef-9504-04b71a414cbd,Malik,Washington,MIA,WR,8f31166e-cb06-433f-a44c-c2e59eba3657,e62f07af-23cc-4dc1-9e56-c52a5ffc7507,,12,,,,,,,,,,,,Weekly Winners,21004ed7-7e8d-49e0-b87c-5f09a3edb77a,10.0,1700000.0,186840
2026-08-25 11:32:37 UTC,94,ca9ced8b-95e8-4685-97b7-8e59097fea1b,Stefon,Diggs,WAS,WR,fbf1c565-b3d8-4d9c-a897-53a5b37f357c,08ab0d44-05f3-4df7-a415-9b14f2320d64,,12,,,,,,,,,,,,Weekly Winners,21004ed7-7e8d-49e0-b87c-5f09a3edb77a,10.0,1700000.0,186840
2026-08-29 16:58:38 UTC,142,364773ee-cb8b-4eb6-a06f-b683d3ebd403,Chig,Okonkwo,WAS,TE,fbf1c565-b3d8-4d9c-a897-53a5b37f357c,08ab0d44-05f3-4df7-a415-9b14f2320d64,,12,,,,,,,,,,,,Weekly Winners,21004ed7-7e8d-49e0-b87c-5f09a3edb77a,10.0,1700000.0,186840
2026-08-19 23:48:57 UTC,44,bfd27590-6864-49ad-a2e4-b6a0985b28a0,Lamar,Jackson,BAL,QB,ba39ca1f-03a4-41f9-bebe-e72bfe88f5bd,6835ce50-c3fb-490c-8a81-678475af8ccc,,12,,,,,,,,,,,,Weekly Winners,21004ed7-7e8d-49e0-b87c-5f09a3edb77a,10.0,1700000.0,186840
2026-08-15 14:19:30 UTC,27,903e5050-9c85-43ef-9728-287b0fd6fa83,Kyren,Williams,LAR,RB,9fe1f2a8-d64b-4f85-a49f-6f35bf71c9bb,9e642807-05dd-4ebd-b516-150ea674c423,,12,,,,,,,,,,,,Weekly Winners,21004ed7-7e8d-49e0-b87c-5f09a3edb77a,10.0,1700000.0,186840
2026-09-02 17:12:25 UTC,207,9a1dfece-d0d0-4f31-9d14-46ef3b15a8ad,Colby,Parkinson,LAR,TE,a6bd5a8f-575b-49b1-a4bd-c8465e7eee8f,30f8dc05-9453-4079-9355-e65efe1fd998,,12,,,,,,,,,,,,Weekly Winners,21004ed7-7e8d-49e0-b87c-5f09a3edb77a,10.0,1700000.0,186840
2026-08-20 23:23:59 UTC,62,34beca63-a1d8-4b9a-a051-2a2899c55dd7,Carnell,Tate,TEN,WR,b0c8cc57-d2fe-4573-aa7a-62317ebba563,4425e129-178d-41c3-9701-68bed5649054,,12,,,,,,,,,,,,Weekly Winners,21004ed7-7e8d-49e0-b87c-5f09a3edb77a,10.0,1700000.0,186840
2026-09-01 11:44:21 UTC,143,87d78dd0-9776-4a87-ad7b-97d74c5b746f,Travis,Kelce,KC,TE,c327bc1b-e0bf-465e-8173-d606cf1e4cee,c2e76a99-a46b-482d-8183-ff7a1cdd4e33,,12,,,,,,,,,,,,Weekly Winners,21004ed7-7e8d-49e0-b87c-5f09a3edb77a,10.0,1700000.0,186840
2026-08-26 21:23:49 UTC,89,c3141997-c0d4-4dff-9d46-182fa79e133f,Blake,Corum,LAR,RB,c60fd17d-0bdb-4ee7-be40-d1bcffbb5c1e,5befaed3-da4c-4bdf-862a-78f5f08dafb1,,12,,,,,,,,,,,,Weekly Winners,21004ed7-7e8d-49e0-b87c-5f09a3edb77a,10.0,1700000.0,186840
2026-08-24 20:28:35 UTC,80,e2041ec4-4cc4-4f3f-8f55-593ef2c6b19d,Jalen,Hurts,PHI,QB,f3f6202f-a143-4f08-b8e3-b8866febb859,787ef363-c32b-4705-9f73-268550540b0a,,12,,,,,,,,,,,,Weekly Winners,21004ed7-7e8d-49e0-b87c-5f09a3edb77a,10.0,1700000.0,186840
2026-08-16 11:44:31 UTC,5,7c3bca66-1a06-4fa7-a113-af6075094545,Christian,McCaffrey,SF,RB,d9fa7589-33f9-420c-b425-ce6fc9ecb810,978217e2-8cf4-4eb6-8fcd-58efeec456bc,,12,,,,,,,,,,,,Weekly Winners,21004ed7-7e8d-49e0-b87c-5f09a3edb77a,10.0,1700000.0,186840
2026-08-15 13:51:54 UTC,114,f9bb1f35-7720-45e1-98a0-6d3136d2beae,Kenny,Gainwell,TB,RB,06e038da-c58d-479f-80d8-1bc374719d01,75975984-b6d1-4c87-8278-a797757d43b3,,12,,,,,,,,,,,,Weekly Winners,21004ed7-7e8d-49e0-b87c-5f09a3edb77a,10.0,1700000.0,186840
2026-08-15 13:40:42 UTC,31,5aff5607-e6fc-42df-b609-41b63f3aa5cc,Chris,Olave,NO,WR,06e038da-c58d-479f-80d8-1bc374719d01,75975984-b6d1-4c87-8278-a797757d43b3,,12,,,,,,,,,,,,Weekly Winners,21004ed7-7e8d-49e0-b87c-5f09a3edb77a,10.0,1700000.0,186840
2026-08-16 11:45:11 UTC,13,0df7c04e-9d9a-4884-9d91-678e01d3a28c,Kenneth,Walker III,KC,RB,f0e29ddc-0450-48fd-891f-e863af391747,f1fe43cd-20e2-4cc3-a7e9-061f64cdb969,,12,,,,,,,,,,,,Weekly Winners,21004ed7-7e8d-49e0-b87c-5f09a3edb77a,10.0,1700000.0,186840
2026-09-03 16:59:53 UTC,203,f48e118b-b52c-45c8-9c15-6273d0929dbc,Kimani,Vidal,LAC,RB,b0c8cc57-d2fe-4573-aa7a-62317ebba563,4425e129-178d-41c3-9701-68bed5649054,,12,,,,,,,,,,,,Weekly Winners,21004ed7-7e8d-49e0-b87c-5f09a3edb77a,10.0,1700000.0,186840
2026-08-15 14:00:06 UTC,175,e485ae4e-15c9-478e-bb97-9d5dd292820a,Ryan,Flournoy,DAL,WR,06e038da-c58d-479f-80d8-1bc374719d01,75975984-b6d1-4c87-8278-a797757d43b3,,12,,,,,,,,,,,,Weekly Winners,21004ed7-7e8d-49e0-b87c-5f09a3edb77a,10.0,1700000.0,186840
2026-09-03 15:31:39 UTC,175,93fd83a8-7e46-48bf-8be2-471de5db1168,AJ,Barner,SEA,TE,a3f3d3b9-2a15-4440-bb4d-31e6b98fbb17,63867e8e-c985-4686-a083-369578c2c1c1,,12,,,,,,,,,,,,Weekly Winners,21004ed7-7e8d-49e0-b87c-5f09a3edb77a,10.0,1700000.0,186840
2026-08-19 16:02:45 UTC,54,d82e4b0e-bb59-4796-bd7b-8eb8bffaeffb,Mike,Evans,SF,WR,fc77e175-bb99-4386-92dd-1b6f49ad2fc2,62d32b5d-bcc2-48d2-acf7-71dd208fbb6e,,12,,,,,,,,,,,,Weekly Winners,21004ed7-7e8d-49e0-b87c-5f09a3edb77a,10.0,1700000.0,186840
2026-09-04 03:46:02 UTC,191,305231d5-5d6d-42d4-90cf-981d25d5b8d0,Omar,Cooper,NYJ,WR,eda3ada1-c0f4-44f2-8c8a-b58e6236c317,aa85cd98-cccf-4089-86c5-2760b9a85957,,12,,,,,,,,,,,,Weekly Winners,21004ed7-7e8d-49e0-b87c-5f09a3edb77a,10.0,1700000.0,186840
2026-08-28 15:47:09 UTC,137,3a43ee64-1e4b-489e-ad8b-066c22af1335,Juwan,Johnson,NO,TE,b91a01c3-635c-4512-b6a6-1f8b5010fac6,4cfea67b-a4bf-450b-8205-c4f5f3c4d2bc,,12,,,,,,,,,,,,Weekly Winners,21004ed7-7e8d-49e0-b87c-5f09a3edb77a,10.0,1700000.0,186840
2026-08-31 23:27:39 UTC,192,4b70de9f-1e45-43d6-a9e6-4db357e2c563,Isiah,Pacheco,DET,RB,db5a8d42-3860-4852-8b95-ca4e036f3729,6ced09a2-506f-4242-8ffa-357610eaa031,,12,,,,,,,,,,,,Weekly Winners,21004ed7-7e8d-49e0-b87c-5f09a3edb77a,10.0,1700000.0,186840
2026-08-27 11:00:45 UTC,121,5e889c93-b994-42ea-83e5-09def218e276,Jordyn,Tyson,NO,WR,db5a8d42-3860-4852-8b95-ca4e036f3729,6ced09a2-506f-4242-8ffa-357610eaa031,,12,,,,,,,,,,,,Weekly Winners,21004ed7-7e8d-49e0-b87c-5f09a3edb77a,10.0,1700000.0,186840
2026-08-23 03:30:33 UTC,75,6053b9d0-35ae-42bf-8b7b-cc46e0020126,DK,Metcalf,PIT,WR,fbf1c565-b3d8-4d9c-a897-53a5b37f357c,08ab0d44-05f3-4df7-a415-9b14f2320d64,,12,,,,,,,,,,,,Weekly Winners,21004ed7-7e8d-49e0-b87c-5f09a3edb77a,10.0,1700000.0,186840
2026-08-15 22:43:42 UTC,2,511920f9-5e42-40c6-8e76-9464d4f0c206,Bijan,Robinson,ATL,RB,c327bc1b-e0bf-465e-8173-d606cf1e4cee,c2e76a99-a46b-482d-8183-ff7a1cdd4e33,,12,,,,,,,,,,,,Weekly Winners,21004ed7-7e8d-49e0-b87c-5f09a3edb77a,10.0,1700000.0,186840
2026-09-04 20:17:02 UTC,210,0dad4ece-d984-4b37-a8b6-8e12e530e1ea,Isaac,TeSlaa,DET,WR,a3f3d3b9-2a15-4440-bb4d-31e6b98fbb17,63867e8e-c985-4686-a083-369578c2c1c1,,12,,,,,,,,,,,,Weekly Winners,21004ed7-7e8d-49e0-b87c-5f09a3edb77a,10.0,1700000.0,186840
2026-08-29 13:51:00 UTC,120,2620100f-7e5d-4b32-ba34-2ac2f7f72aa9,Dallas,Goedert,PHI,TE,b06d443b-af79-4d72-84a4-22cc5097c7ae,f347ff6e-740b-464c-a486-c2b2e498048e,,12,,,,,,,,,,,,Weekly Winners,21004ed7-7e8d-49e0-b87c-5f09a3edb77a,10.0,1700000.0,186840
2026-08-22 11:55:11 UTC,66,34beca63-a1d8-4b9a-a051-2a2899c55dd7,Carnell,Tate,TEN,WR,ba20d4c8-5e70-4dba-80f8-6abfaeb686f2,d41bc161-391d-4d60-b31b-ccf94f4a5a17,,12,,,,,,,,,,,,Weekly Winners,21004ed7-7e8d-49e0-b87c-5f09a3edb77a,10.0,1700000.0,186840
2026-08-17 00:17:42 UTC,24,e1a701cb-7fa1-402f-8344-4da7af9ccca6,George,Pickens,DAL,WR,b06d443b-af79-4d72-84a4-22cc5097c7ae,f347ff6e-740b-464c-a486-c2b2e498048e,,12,,,,,,,,,,,,Weekly Winners,21004ed7-7e8d-49e0-b87c-5f09a3edb77a,10.0,1700000.0,186840
2026-08-16 04:47:04 UTC,7,de5b18b5-9ed7-4d3a-900b-32a471551d60,Jonathan,Taylor,IND,RB,a3f3d3b9-2a15-4440-bb4d-31e6b98fbb17,63867e8e-c985-4686-a083-369578c2c1c1,,12,,,,,,,,,,,,Weekly Winners,21004ed7-7e8d-49e0-b87c-5f09a3edb77a,10.0,1700000.0,186840
2026-08-18 18:10:22 UTC,20,dc7613e2-f553-47c1-b269-06d6975b73c8,Omarion,Hampton,LAC,RB,d9fa7589-33f9-420c-b425-ce6fc9ecb810,978217e2-8cf4-4eb6-8fcd-58efeec456bc,,12,,,,,,,,,,,,Weekly Winners,21004ed7-7e8d-49e0-b87c-5f09a3edb77a,10.0,1700000.0,186840
2026-08-27 00:10:35 UTC,120,b642379c-1ada-403e-adae-7bdc7fa4035a,Wan'Dale,Robinson,TEN,WR,8e3a3895-359c-4736-87ed-3c327adca338,d28f1914-0bd5-45f4-add2-df3d1c5e983b,,12,,,,,,,,,,,,Weekly Winners,21004ed7-7e8d-49e0-b87c-5f09a3edb77a,10.0,1700000.0,186840
2026-09-03 03:06:16 UTC,210,f8d135d6-f880-4c70-a698-622478a97f02,Pat,Freiermuth,PIT,TE,ba20d4c8-5e70-4dba-80f8-6abfaeb686f2,d41bc161-391d-4d60-b31b-ccf94f4a5a17,,12,,,,,,,,,,,,Weekly Winners,21004ed7-7e8d-49e0-b87c-5f09a3edb77a,10.0,1700000.0,186840
2026-09-03 18:44:37 UTC,200,671f8c9c-28b3-4dbd-87d2-13c2a9a5c963,Tyrone,Tracy,NYG,RB,9cf848ab-2f6e-4717-aaf1-037f4bc9d791,c1fdeff4-8673-4e48-a31d-3fa665c6e977,,12,,,,,,,,,,,,Weekly Winners,21004ed7-7e8d-49e0-b87c-5f09a3edb77a,10.0,1700000.0,186840
2026-08-16 12:03:32 UTC,14,12164868-dfe2-4332-934b-46f94011d67d,Derrick,Henry,BAL,RB,b0c8cc57-d2fe-4573-aa7a-62317ebba563,4425e129-178d-41c3-9701-68bed5649054,,12,,,,,,,,,,,,Weekly Winners,21004ed7-7e8d-49e0-b87c-5f09a3edb77a,10.0,1700000.0,186840
2026-08-19 11:21:12 UTC,41,f08f68d6-d15f-4027-853c-bf7911047ad6,Ladd,McConkey,LAC,WR,f3f6202f-a143-4f08-b8e3-b8866febb859,787ef363-c32b-4705-9f73-268550540b0a,,12,,,,,,,,,,,,Weekly Winners,21004ed7-7e8d-49e0-b87c-5f09a3edb77a,10.0,1700000.0,186840
2026-09-03 16:52:19 UTC,167,5178fc5c-62d8-44c3-aae4-b2ea5bcb23c4,Tyjae,Spears,TEN,RB,eda3ada1-c0f4-44f2-8c8a-b58e6236c317,aa85cd98-cccf-4089-86c5-2760b9a85957,,12,,,,,,,,,,,,Weekly Winners,21004ed7-7e8d-49e0-b87c-5f09a3edb77a,10.0,1700000.0,186840
2026-09-03 19:56:19 UTC,186,da9f6a13-7a56-40a2-bd21-dc9486cbfa05,Travis,Hunter,JAX,WR,a3f3d3b9-2a15-4440-bb4d-31e6b98fbb17,63867e8e-c985-4686-a083-369578c2c1c1,,12,,,,,,,,,,,,Weekly Winners,21004ed7-7e8d-49e0-b87c-5f09a3edb77a,10.0,1700000.0,186840
2026-08-24 18:03:04 UTC,85,ae99dd68-d9e0-4515-bca7-6251826d3569,Kyle,Pitts,ATL,TE,f0e29ddc-0450-48fd-891f-e863af391747,f1fe43cd-20e2-4cc3-a7e9-061f64cdb969,,12,,,,,,,,,,,,Weekly Winners,21004ed7-7e8d-49e0-b87c-5f09a3edb77a,10.0,1700000.0,186840
2026-09-02 00:01:50 UTC,164,93fd83a8-7e46-48bf-8be2-471de5db1168,AJ,Barner,SEA,TE,ba39ca1f-03a4-41f9-bebe-e72bfe88f5bd,6835ce50-c3fb-490c-8a81-678475af8ccc,,12,,,,,,,,,,,,Weekly Winners,21004ed7-7e8d-49e0-b87c-5f09a3edb77a,10.0,1700000.0,186840
2026-09-04 00:42:44 UTC,192,09b4ae30-d58e-43b0-808a-e4e8b7c21299,Brian,Robinson,ATL,RB,b06d443b-af79-4d72-84a4-22cc5097c7ae,f347ff6e-740b-464c-a486-c2b2e498048e,,12,,,,,,,,,,,,Weekly Winners,21004ed7-7e8d-49e0-b87c-5f09a3edb77a,10.0,1700000.0,186840
2026-08-17 11:40:24 UTC,24,6ba58085-e65c-4488-82f9-3b55371e4bc2,Josh,Allen,BUF,QB,db5a8d42-3860-4852-8b95-ca4e036f3729,6ced09a2-506f-4242-8ffa-357610eaa031,,12,,,,,,,,,,,,Weekly Winners,21004ed7-7e8d-49e0-b87c-5f09a3edb77a,10.0,1700000.0,186840
2026-08-29 12:55:31 UTC,113,6cafce4c-eb3b-4058-a496-14a70a2e795f,Isaiah,Likely,NYG,TE,c60fd17d-0bdb-4ee7-be40-d1bcffbb5c1e,5befaed3-da4c-4bdf-862a-78f5f08dafb1,,12,,,,,,,,,,,,Weekly Winners,21004ed7-7e8d-49e0-b87c-5f09a3edb77a,10.0,1700000.0,186840
2026-08-20 02:11:44 UTC,41,bfd27590-6864-49ad-a2e4-b6a0985b28a0,Lamar,Jackson,BAL,QB,9cf848ab-2f6e-4717-aaf1-037f4bc9d791,c1fdeff4-8673-4e48-a31d-3fa665c6e977,,12,,,,,,,,,,,,Weekly Winners,21004ed7-7e8d-49e0-b87c-5f09a3edb77a,10.0,1700000.0,186840
2026-08-26 02:14:32 UTC,99,7f17709b-ff91-4261-be24-4d95644cb7c8,Kyle,Monangai,CHI,RB,fbf1c565-b3d8-4d9c-a897-53a5b37f357c,08ab0d44-05f3-4df7-a415-9b14f2320d64,,12,,,,,,,,,,,,Weekly Winners,21004ed7-7e8d-49e0-b87c-5f09a3edb77a,10.0,1700000.0,186840
2026-08-28 02:19:15 UTC,127,0b903bf2-bf13-4c61-9c10-f02fdada5488,Jake,Ferguson,DAL,TE,ba20d4c8-5e70-4dba-80f8-6abfaeb686f2,d41bc161-391d-4d60-b31b-ccf94f4a5a17,,12,,,,,,,,,,,,Weekly Winners,21004ed7-7e8d-49e0-b87c-5f09a3edb77a,10.0,1700000.0,186840
2026-08-16 18:15:15 UTC,17,12164868-dfe2-4332-934b-46f94011d67d,Derrick,Henry,BAL,RB,f3f6202f-a143-4f08-b8e3-b8866febb859,787ef363-c32b-4705-9f73-268550540b0a,,12,,,,,,,,,,,,Weekly Winners,21004ed7-7e8d-49e0-b87c-5f09a3edb77a,10.0,1700000.0,186840
2026-08-17 19:28:58 UTC,26,cc61b3c5-70e6-4456-9ba2-4e23a1f9b2ac,Drake,London,ATL,WR,c327bc1b-e0bf-465e-8173-d606cf1e4cee,c2e76a99-a46b-482d-8183-ff7a1cdd4e33,,12,,,,,,,,,,,,Weekly Winners,21004ed7-7e8d-49e0-b87c-5f09a3edb77a,10.0,1700000.0,186840
2026-08-15 22:44:13 UTC,8,99a762f2-89e3-456c-8778-85bdc59eed37,Jaxon,Smith-Njigba,SEA,WR,b91a01c3-635c-4512-b6a6-1f8b5010fac6,4cfea67b-a4bf-450b-8205-c4f5f3c4d2bc,,12,,,,,,,,,,,,Weekly Winners,21004ed7-7e8d-49e0-b87c-5f09a3edb77a,10.0,1700000.0,186840
2026-08-27 00:29:33 UTC,101,da734ea2-17b9-42ba-a72c-637567ceb44c,Chuba,Hubbard,CAR,RB,ba39ca1f-03a4-41f9-bebe-e72bfe88f5bd,6835ce50-c3fb-490c-8a81-678475af8ccc,,12,,,,,,,,,,,,Weekly Winners,21004ed7-7e8d-49e0-b87c-5f09a3edb77a,10.0,1700000.0,186840
2026-08-23 02:21:39 UTC,78,8ac32621-1c13-4ded-9b44-2590972a9e37,Brian,Thomas,JAX,WR,fc77e175-bb99-4386-92dd-1b6f49ad2fc2,62d32b5d-bcc2-48d2-acf7-71dd208fbb6e,,12,,,,,,,,,,,,Weekly Winners,21004ed7-7e8d-49e0-b87c-5f09a3edb77a,10.0,1700000.0,186840
2026-08-23 02:21:53 UTC,65,34beca63-a1d8-4b9a-a051-2a2899c55dd7,Carnell,Tate,TEN,WR,c60fd17d-0bdb-4ee7-be40-d1bcffbb5c1e,5befaed3-da4c-4bdf-862a-78f5f08dafb1,,12,,,,,,,,,,,,Weekly Winners,21004ed7-7e8d-49e0-b87c-5f09a3edb77a,10.0,1700000.0,186840
2026-08-25 21:21:40 UTC,102,f8eba2b3-77a3-4326-b338-3c5a327ebae5,George,Kittle,SF,TE,fc77e175-bb99-4386-92dd-1b6f49ad2fc2,62d32b5d-bcc2-48d2-acf7-71dd208fbb6e,,12,,,,,,,,,,,,Weekly Winners,21004ed7-7e8d-49e0-b87c-5f09a3edb77a,10.0,1700000.0,186840
2026-08-31 11:21:18 UTC,149,1391a0b2-a7ed-4a65-9bbf-18495fee9c07,Jalen,Nailor,LV,WR,ba39ca1f-03a4-41f9-bebe-e72bfe88f5bd,6835ce50-c3fb-490c-8a81-678475af8ccc,,12,,,,,,,,,,,,Weekly Winners,21004ed7-7e8d-49e0-b87c-5f09a3edb77a,10.0,1700000.0,186840
2026-08-15 13:55:28 UTC,138,364773ee-cb8b-4eb6-a06f-b683d3ebd403,Chig,Okonkwo,WAS,TE,06e038da-c58d-479f-80d8-1bc374719d01,75975984-b6d1-4c87-8278-a797757d43b3,,12,,,,,,,,,,,,Weekly Winners,21004ed7-7e8d-49e0-b87c-5f09a3edb77a,10.0,1700000.0,186840
2026-08-21 19:47:20 UTC,60,84f286e0-239d-433f-b654-59e374e231fe,Christian,Watson,GB,WR,f0e29ddc-0450-48fd-891f-e863af391747,f1fe43cd-20e2-4cc3-a7e9-061f64cdb969,,12,,,,,,,,,,,,Weekly Winners,21004ed7-7e8d-49e0-b87c-5f09a3edb77a,10.0,1700000.0,186840
2026-08-30 17:22:05 UTC,168,da9f6a13-7a56-40a2-bd21-dc9486cbfa05,Travis,Hunter,JAX,WR,8e3a3895-359c-4736-87ed-3c327adca338,d28f1914-0bd5-45f4-add2-df3d1c5e983b,,12,,,,,,,,,,,,Weekly Winners,21004ed7-7e8d-49e0-b87c-5f09a3edb77a,10.0,1700000.0,186840
2026-08-17 11:40:57 UTC,20,dc7613e2-f553-47c1-b269-06d6975b73c8,Omarion,Hampton,LAC,RB,ba39ca1f-03a4-41f9-bebe-e72bfe88f5bd,6835ce50-c3fb-490c-8a81-678475af8ccc,,12,,,,,,,,,,,,Weekly Winners,21004ed7-7e8d-49e0-b87c-5f09a3edb77a,10.0,1700000.0,186840
2026-08-19 11:21:24 UTC,32,05e934c4-ee4d-43ce-8df0-3b42b9bc9a79,Trey,McBride,ARI,TE,9cf848ab-2f6e-4717-aaf1-037f4bc9d791,c1fdeff4-8673-4e48-a31d-3fa665c6e977,,12,,,,,,,,,,,,Weekly Winners,21004ed7-7e8d-49e0-b87c-5f09a3edb77a,10.0,1700000.0,186840
2026-08-15 13:57:12 UTC,151,8733ac47-e03f-4115-8f69-78df30202491,Tyler,Allgeier,ARI,RB,06e038da-c58d-479f-80d8-1bc374719d01,75975984-b6d1-4c87-8278-a797757d43b3,,12,,,,,,,,,,,,Weekly Winners,21004ed7-7e8d-49e0-b87c-5f09a3edb77a,10.0,1700000.0,186840
2026-08-27 22:05:34 UTC,128,2bb9ba7d-6b3c-4e0f-b86f-71a6f2f005a1,Mark,Andrews,BAL,TE,b91a01c3-635c-4512-b6a6-1f8b5010fac6,4cfea67b-a4bf-450b-8205-c4f5f3c4d2bc,,12,,,,,,,,,,,,Weekly Winners,21004ed7-7e8d-49e0-b87c-5f09a3edb77a,10.0,1700000.0,186840
2026-08-28 11:43:28 UTC,101,5e889c93-b994-42ea-83e5-09def218e276,Jordyn,Tyson,NO,WR,d9fa7589-33f9-420c-b425-ce6fc9ecb810,978217e2-8cf4-4eb6-8fcd-58efeec456bc,,12,,,,,,,,,,,,Weekly Winners,21004ed7-7e8d-49e0-b87c-5f09a3edb77a,10.0,1700000.0,186840
2026-08-15 13:53:21 UTC,127,2bb9ba7d-6b3c-4e0f-b86f-71a6f2f005a1,Mark,Andrews,BAL,TE,06e038da-c58d-479f-80d8-1bc374719d01,75975984-b6d1-4c87-8278-a797757d43b3,,12,,,,,,,,,,,,Weekly Winners,21004ed7-7e8d-49e0-b87c-5f09a3edb77a,10.0,1700000.0,186840
2026-08-15 15:27:24 UTC,1,511920f9-5e42-40c6-8e76-9464d4f0c206,Bijan,Robinson,ATL,RB,b06d443b-af79-4d72-84a4-22cc5097c7ae,f347ff6e-740b-464c-a486-c2b2e498048e,,12,,,,,,,,,,,,Weekly Winners,21004ed7-7e8d-49e0-b87c-5f09a3edb77a,10.0,1700000.0,186840
2026-08-18 21:03:15 UTC,34,7b8f198a-a996-46ca-8869-e699a61cd8e1,DeVonta,Smith,PHI,WR,a6bd5a8f-575b-49b1-a4bd-c8465e7eee8f,30f8dc05-9453-4079-9355-e65efe1fd998,,12,,,,,,,,,,,,Weekly Winners,21004ed7-7e8d-49e0-b87c-5f09a3edb77a,10.0,1700000.0,186840
2026-08-15 13:58:32 UTC,162,b4d2cdc6-fd4e-4dbe-a2b6-b9290cad4577,Cam,Ward,TEN,QB,06e038da-c58d-479f-80d8-1bc374719d01,75975984-b6d1-4c87-8278-a797757d43b3,,12,,,,,,,,,,,,Weekly Winners,21004ed7-7e8d-49e0-b87c-5f09a3edb77a,10.0,1700000.0,186840
2026-08-15 14:47:33 UTC,214,f48e118b-b52c-45c8-9c15-6273d0929dbc,Kimani,Vidal,LAC,RB,9fe1f2a8-d64b-4f85-a49f-6f35bf71c9bb,9e642807-05dd-4ebd-b516-150ea674c423,,12,,,,,,,,,,,,Weekly Winners,21004ed7-7e8d-49e0-b87c-5f09a3edb77a,10.0,1700000.0,186840
2026-08-15 14:03:20 UTC,199,2fe40be1-ba6c-4d08-bf42-3e6c71c66f26,Cade,Otton,TB,TE,06e038da-c58d-479f-80d8-1bc374719d01,75975984-b6d1-4c87-8278-a797757d43b3,,12,,,,,,,,,,,,Weekly Winners,21004ed7-7e8d-49e0-b87c-5f09a3edb77a,10.0,1700000.0,186840
2026-08-27 22:05:51 UTC,130,0b903bf2-bf13-4c61-9c10-f02fdada5488,Jake,Ferguson,DAL,TE,a6bd5a8f-575b-49b1-a4bd-c8465e7eee8f,30f8dc05-9453-4079-9355-e65efe1fd998,,12,,,,,,,,,,,,Weekly Winners,21004ed7-7e8d-49e0-b87c-5f09a3edb77a,10.0,1700000.0,186840
2026-09-04 02:45:07 UTC,199,ace07fec-47fa-41b0-8f67-900ca5261ed3,Oronde,Gadsden,LAC,TE,a3f3d3b9-2a15-4440-bb4d-31e6b98fbb17,63867e8e-c985-4686-a083-369578c2c1c1,,12,,,,,,,,,,,,Weekly Winners,21004ed7-7e8d-49e0-b87c-5f09a3edb77a,10.0,1700000.0,186840
2026-08-24 20:27:52 UTC,97,48b2ca63-8ba9-4b9a-b7af-bbef17c89846,Harold,Fannin,CLE,TE,c35db5be-c1bd-4a6b-826b-702666f4e206,2d1e432b-7776-4af2-98fd-1dbe3fccdb5b,,12,,,,,,,,,,,,Weekly Winners,21004ed7-7e8d-49e0-b87c-5f09a3edb77a,10.0,1700000.0,186840
2026-08-30 20:55:42 UTC,127,e0303f62-28fb-49ab-9f36-12395298772d,Romeo,Doubs,NE,WR,a3f3d3b9-2a15-4440-bb4d-31e6b98fbb17,63867e8e-c985-4686-a083-369578c2c1c1,,12,,,,,,,,,,,,Weekly Winners,21004ed7-7e8d-49e0-b87c-5f09a3edb77a,10.0,1700000.0,186840
2026-08-21 19:46:59 UTC,73,6053b9d0-35ae-42bf-8b7b-cc46e0020126,DK,Metcalf,PIT,WR,c35db5be-c1bd-4a6b-826b-702666f4e206,2d1e432b-7776-4af2-98fd-1dbe3fccdb5b,,12,,,,,,,,,,,,Weekly Winners,21004ed7-7e8d-49e0-b87c-5f09a3edb77a,10.0,1700000.0,186840
2026-08-15 13:50:55 UTC,103,0823d4a8-011a-4606-9b58-558da9e81853,Alec,Pierce,IND,WR,06e038da-c58d-479f-80d8-1bc374719d01,75975984-b6d1-4c87-8278-a797757d43b3,,12,,,,,,,,,,,,Weekly Winners,21004ed7-7e8d-49e0-b87c-5f09a3edb77a,10.0,1700000.0,186840
2026-08-19 02:13:38 UTC,38,eb00bfc9-0fdb-4181-9564-1515b2dd93d3,Cam,Skattebo,NYG,RB,b0c8cc57-d2fe-4573-aa7a-62317ebba563,4425e129-178d-41c3-9701-68bed5649054,,12,,,,,,,,,,,,Weekly Winners,21004ed7-7e8d-49e0-b87c-5f09a3edb77a,10.0,1700000.0,186840
2026-08-19 23:48:32 UTC,49,84f286e0-239d-433f-b654-59e374e231fe,Christian,Watson,GB,WR,db5a8d42-3860-4852-8b95-ca4e036f3729,6ced09a2-506f-4242-8ffa-357610eaa031,,12,,,,,,,,,,,,Weekly Winners,21004ed7-7e8d-49e0-b87c-5f09a3edb77a,10.0,1700000.0,186840
2026-08-31 01:41:38 UTC,162,8ce42006-abfb-40a6-a5a4-298da0d3d6bf,Cyrus,Allen,KC,WR,ba20d4c8-5e70-4dba-80f8-6abfaeb686f2,d41bc161-391d-4d60-b31b-ccf94f4a5a17,,12,,,,,,,,,,,,Weekly Winners,21004ed7-7e8d-49e0-b87c-5f09a3edb77a,10.0,1700000.0,186840
2026-09-01 18:25:46 UTC,192,305231d5-5d6d-42d4-90cf-981d25d5b8d0,Omar,Cooper,NYJ,WR,8e3a3895-359c-4736-87ed-3c327adca338,d28f1914-0bd5-45f4-add2-df3d1c5e983b,,12,,,,,,,,,,,,Weekly Winners,21004ed7-7e8d-49e0-b87c-5f09a3edb77a,10.0,1700000.0,186840
2026-09-04 03:45:46 UTC,194,c38468e2-7c2c-40dc-b5eb-b38d63a72a73,Michael,Penix,ATL,QB,c327bc1b-e0bf-465e-8173-d606cf1e4cee,c2e76a99-a46b-482d-8183-ff7a1cdd4e33,,12,,,,,,,,,,,,Weekly Winners,21004ed7-7e8d-49e0-b87c-5f09a3edb77a,10.0,1700000.0,186840
2026-08-28 02:19:30 UTC,118,39e57bd8-abe5-4401-be29-d9eeee732c74,Rachaad,White,WAS,RB,fbf1c565-b3d8-4d9c-a897-53a5b37f357c,08ab0d44-05f3-4df7-a415-9b14f2320d64,,12,,,,,,,,,,,,Weekly Winners,21004ed7-7e8d-49e0-b87c-5f09a3edb77a,10.0,1700000.0,186840
2026-08-31 20:49:54 UTC,149,78ea9030-4abe-4584-898b-57844ecafd18,Denzel,Boston,CLE,WR,d9fa7589-33f9-420c-b425-ce6fc9ecb810,978217e2-8cf4-4eb6-8fcd-58efeec456bc,,12,,,,,,,,,,,,Weekly Winners,21004ed7-7e8d-49e0-b87c-5f09a3edb77a,10.0,1700000.0,186840
2026-09-02 23:05:49 UTC,185,b243e713-7d04-4675-ab3b-5a4a7bd15799,Ray,Davis,BUF,RB,f3f6202f-a143-4f08-b8e3-b8866febb859,787ef363-c32b-4705-9f73-268550540b0a,,12,,,,,,,,,,,,Weekly Winners,21004ed7-7e8d-49e0-b87c-5f09a3edb77a,10.0,1700000.0,186840
2026-08-21 19:46:57 UTC,72,573db744-9051-496f-9c1f-25ce0aee5002,Jonathon,Brooks,CAR,RB,c35db5be-c1bd-4a6b-826b-702666f4e206,2d1e432b-7776-4af2-98fd-1dbe3fccdb5b,,12,,,,,,,,,,,,Weekly Winners,21004ed7-7e8d-49e0-b87c-5f09a3edb77a,10.0,1700000.0,186840
2026-08-22 00:15:14 UTC,56,79d2e493-c4f0-42d9-b031-64b3a024c427,Luther,Burden,CHI,WR,c60fd17d-0bdb-4ee7-be40-d1bcffbb5c1e,5befaed3-da4c-4bdf-862a-78f5f08dafb1,,12,,,,,,,,,,,,Weekly Winners,21004ed7-7e8d-49e0-b87c-5f09a3edb77a,10.0,1700000.0,186840
2026-09-04 18:11:25 UTC,200,ace07fec-47fa-41b0-8f67-900ca5261ed3,Oronde,Gadsden,LAC,TE,c60fd17d-0bdb-4ee7-be40-d1bcffbb5c1e,5befaed3-da4c-4bdf-862a-78f5f08dafb1,,12,,,,,,,,,,,,Weekly Winners,21004ed7-7e8d-49e0-b87c-5f09a3edb77a,10.0,1700000.0,186840
2026-09-01 00:19:05 UTC,176,43aca04f-dc01-4b21-a7a8-35e115769853,Caleb,Douglas,MIA,WR,b91a01c3-635c-4512-b6a6-1f8b5010fac6,4cfea67b-a4bf-450b-8205-c4f5f3c4d2bc,,12,,,,,,,,,,,,Weekly Winners,21004ed7-7e8d-49e0-b87c-5f09a3edb77a,10.0,1700000.0,186840
2026-08-18 11:16:53 UTC,28,6f325582-f279-4aa3-a10b-2f4228c76390,Javonte,Williams,DAL,RB,8f31166e-cb06-433f-a44c-c2e59eba3657,e62f07af-23cc-4dc1-9e56-c52a5ffc7507,,12,,,,,,,,,,,,Weekly Winners,21004ed7-7e8d-49e0-b87c-5f09a3edb77a,10.0,1700000.0,186840
2026-08-15 14:26:39 UTC,70,b4da19e1-6218-4455-bc0a-42bc626abcf6,Marvin,Harrison,ARI,WR,9fe1f2a8-d64b-4f85-a49f-6f35bf71c9bb,9e642807-05dd-4ebd-b516-150ea674c423,,12,,,,,,,,,,,,Weekly Winners,21004ed7-7e8d-49e0-b87c-5f09a3edb77a,10.0,1700000.0,186840
2026-08-18 23:21:31 UTC,39,f08f68d6-d15f-4027-853c-bf7911047ad6,Ladd,McConkey,LAC,WR,a6bd5a8f-575b-49b1-a4bd-c8465e7eee8f,30f8dc05-9453-4079-9355-e65efe1fd998,,12,,,,,,,,,,,,Weekly Winners,21004ed7-7e8d-49e0-b87c-5f09a3edb77a,10.0,1700000.0,186840
2026-08-28 00:48:48 UTC,135,73ebdcb4-cfde-4afa-819d-acfa74f688f9,Jalen,Coker,CAR,WR,a6bd5a8f-575b-49b1-a4bd-c8465e7eee8f,30f8dc05-9453-4079-9355-e65efe1fd998,,12,,,,,,,,,,,,Weekly Winners,21004ed7-7e8d-49e0-b87c-5f09a3edb77a,10.0,1700000.0,186840
2026-08-20 22:42:18 UTC,56,d82e4b0e-bb59-4796-bd7b-8eb8bffaeffb,Mike,Evans,SF,WR,f3f6202f-a143-4f08-b8e3-b8866febb859,787ef363-c32b-4705-9f73-268550540b0a,,12,,,,,,,,,,,,Weekly Winners,21004ed7-7e8d-49e0-b87c-5f09a3edb77a,10.0,1700000.0,186840
2026-08-15 14:30:58 UTC,99,0823d4a8-011a-4606-9b58-558da9e81853,Alec,Pierce,IND,WR,9fe1f2a8-d64b-4f85-a49f-6f35bf71c9bb,9e642807-05dd-4ebd-b516-150ea674c423,,12,,,,,,,,,,,,Weekly Winners,21004ed7-7e8d-49e0-b87c-5f09a3edb77a,10.0,1700000.0,186840
2026-08-22 00:11:47 UTC,67,b4da19e1-6218-4455-bc0a-42bc626abcf6,Marvin,Harrison,ARI,WR,fc77e175-bb99-4386-92dd-1b6f49ad2fc2,62d32b5d-bcc2-48d2-acf7-71dd208fbb6e,,12,,,,,,,,,,,,Weekly Winners,21004ed7-7e8d-49e0-b87c-5f09a3edb77a,10.0,1700000.0,186840
2026-08-15 14:27:09 UTC,75,caf3e5cc-962d-43b7-aee5-f16f4d0a3845,Jadarian,Price,SEA,RB,9fe1f2a8-d64b-4f85-a49f-6f35bf71c9bb,9e642807-05dd-4ebd-b516-150ea674c423,,12,,,,,,,,,,,,Weekly Winners,21004ed7-7e8d-49e0-b87c-5f09a3edb77a,10.0,1700000.0,186840